Handle,Title,Body (HTML),Vendor,Type,Tags,Published,Option1 Name,Option1 Value,Option2 Name,Option2 Value,Option3 Name,Option3 Value,Variant SKU,Variant Grams,Variant Inventory Tracker,Variant Inventory Qty,Variant Inventory Policy,Variant Fulfillment Service,Variant Price,Variant Compare At Price,Variant Requires Shipping,Variant Taxable,Variant Barcode,Image Src,Image Position,Image Alt Text,Gift Card,SEO Title,SEO Description,Google Shopping / Google Product Category,Google Shopping / Gender,Google Shopping / Age Group,Google Shopping / MPN,Google Shopping / AdWords Grouping,Google Shopping / AdWords Labels,Google Shopping / Condition,Google Shopping / Custom Product,Google Shopping / Custom Label 0,Google Shopping / Custom Label 1,Google Shopping / Custom Label 2,Google Shopping / Custom Label 3,Google Shopping / Custom Label 4,Variant Image,Variant Weight Unit,Variant Tax Code,Cost per item
apple-iphone-4-16gb-k9vj23,Apple iPhone 4 16GB (K9VJ23),"Spesifikasjoner:
Vekt: 137g
Dimensjon: 115.2 x 58.6 x 9.3 mm
Skjerm Størrelse: 3,5-inch
OS: iOS upgradable to iOS 7.1.2
CPU: 1.0 GHz Cortex-A8
RAM: 512GB
Batteri: 1420mAh
Kamera: 5MP
Front Kamera: VGA",BuiltOn Store,Smartphone,iphone Smartphone,true,Title,Default,,,,,,1500,shopify,0,deny,manual,1500,,true,false,5af0696ec00a94000ad73c1f,https://cdn.shopify.com/s/files/1/2424/9275/products/8fc4982ec1b7811e921632c7a884ae30_e142fd74-3f3d-4f06-9e3d-0eadc134620b.jpg?v=1525706292,1,,false,,,,,,,,,,,,,,,,,kg,,
apple-iphone-4-8gb-62d7zx,Apple iPhone 4 8GB (62D7ZX),"Spesifikasjoner:
Vekt: 137g
Dimensjon: 115.2 x 58.6 x 9.3 mm
Skjerm Størrelse: 3,5-inch
OS: iOS upgradable to iOS 7.1.2
CPU: 1.0 GHz Cortex-A8
RAM: 512GB
Batteri: 1420mAh
Kamera: 5MP
Front Kamera: VGA",Apple,Smartphone,"4s, iphone Smartphone",true,Title,Default,,,,,,1250,shopify,0,deny,manual,0,,true,false,5af0696ec00a94000ad73c1e,https://cdn.shopify.com/s/files/1/2424/9275/products/8fc4982ec1b7811e921632c7a884ae30_fc9e8033-811f-4b04-9bc5-0d4838e82090.jpg?v=1525706227,1,,false,,,,,,,,,,,,,,,,,kg,,
apple-iphone-5-32gb-grade-a-m836xn,Apple iPhone 5 32GB - Grade A+ (M836XN),"Spesifikasjoner:
Vekt: 112g
Dimensjon: 123.8 x 58.6 x 7.6 mm
Skjerm Størrelse: 4""-inch
OS: iOS 6, upgradable to iOS 10.3.3
CPU: Dual-core 1.3 GHz Swift (ARM v7-based)
RAM: 1GB
Batteri: 1440mAh
Kamera: 8MP
Front Kamera: 1,2MP",Apple,Smartphone,"iphone 5, Smartphone",true,Title,Default,,,,,,1270,shopify,0,deny,manual,990,,true,false,5af02b139119df000aaa65b6,https://cdn.shopify.com/s/files/1/2424/9275/products/afd5d8094086eeb7c98a3e46d622f5cf.jpg?v=1525689315,1,,false,,,,,,,,,,,,,,,,,kg,,
apple-iphone-4s-16gb-grade-c-8qjvqg,Apple iPhone 4S 16GB - Grade C (8QJVQG),"Spesifikasjoner:
Vekt: 140g
Dimensjon: 115.2 x 58.6 x 9.3 mm
Skjerm Størrelse: 3,5-inch
OS: iOS 5, upgradable to iOS 9.3.5
CPU: Dual-core 1.0 GHz Cortex-A9
RAM: 512GB
Batteri: 1420mAh
Kamera: 8MP
Front Kamera: VGA",Apple,Smartphone,"iphone, iphone 4s, Smartphone",true,Title,Default,,,,,,1250,shopify,0,deny,manual,590,,true,false,5af02b139119df000aaa65b5,https://cdn.shopify.com/s/files/1/2424/9275/products/be07149cd8ca8ab97ec08472c1158ab5.jpg?v=1525689265,1,,false,,,,,,,,,,,,,,,,,kg,,
apple-iphone-4s-8gb-grade-a-q2rvdg,Apple iPhone 4S 8GB - Grade A (Q2RVDG),"Spesifikasjoner:
Vekt: 140g
Dimensjon: 115.2 x 58.6 x 9.3 mm
Skjerm Størrelse: 3,5-inch
OS: iOS 5, upgradable to iOS 9.3.5
CPU: Dual-core 1.0 GHz Cortex-A9
RAM: 512GB
Batteri: 1420mAh
Kamera: 8MP
Front Kamera: VGA",Apple,Smartphone,"4s, iphone 4s, Smartphone",true,Title,Default,,,,,,900,shopify,0,deny,manual,690,,true,false,5ae98cb74cfce700082cdc5b,https://cdn.shopify.com/s/files/1/2424/9275/products/627675b1b4bf388a005045d073033fa3.jpg?v=1525686634,1,,false,,,,,,,,,,,,,,,,,kg,,
apple-iphone-4-8gb-grade-b-gekdd7,Apple iPhone 4 8GB - Grade B (GEKDD7),"Spesifikasjoner:
Vekt: 137g
Dimensjon: 115.2 x 58.6 x 9.3 mm
Skjerm Størrelse: 3,5-inch
OS: iOS upgradable to iOS 7.1.2
CPU: 1.0 GHz Cortex-A8
RAM: 512GB
Batteri: 1420mAh
Kamera: 5MP
Front Kamera: VGA",Apple,Smartphone,"4s, iphone Smartphone",true,Title,Default,,,,,,1780,shopify,0,deny,manual,590,,true,false,5ae98cb74cfce700082cdc5a,https://cdn.shopify.com/s/files/1/2424/9275/products/8fc4982ec1b7811e921632c7a884ae30_08442299-b2ff-4ac4-9ea6-2ddce7d2baaf.jpg?v=1525686199,1,,false,,,,,,,,,,,,,,,,,kg,,
apple-iphone-6-16gb-grade-c-q2ryg2-1,Apple iPhone 6 16GB - Grade C (Q2RYG2),"Spesifikasjoner:
Vekt: 129g
Dimensjon: 138.1 x 67 x 6.9 mm
Skjerm Størrelse: 4,7-inch
OS: iOS 8, upgradable to iOS 11.2.5
CPU: Apple A8, Dual-core 1.4 GHz Typhoon (ARM v8-based) 
RAM: 1GB
Batteri: 1810mAh
Kamera: 8MP
Front Kamera: 1,2MP",BuiltOn Store,Smartphone,"16gb, iphone 6",true,Title,Default,,,,,,1500,shopify,1,deny,manual,2590,,true,false,5aec1fad1f7cdc0009c7a49b,https://cdn.shopify.com/s/files/1/2424/9275/products/df862bd563975cebe89fe276b5d03e5e_a67e48e0-21bc-4868-82db-6932729d9a8f.jpg?v=1525424399,1,,false,,,,,,,,,,,,,,,,,kg,,
apple-iphone-6-16gb-grade-c-q2ryg2,Apple iPhone 6 16GB - Grade C (Q2RYG2),"Spesifikasjoner:
Vekt: 129g
Dimensjon: 138.1 x 67 x 6.9 mm
Skjerm Størrelse: 4,7-inch
OS: iOS 8, upgradable to iOS 11.2.5
CPU: Apple A8, Dual-core 1.4 GHz Typhoon (ARM v8-based) 
RAM: 1GB
Batteri: 1810mAh
Kamera: 8MP
Front Kamera: 1,2MP",BuiltOn Store,Smartphone,"16gb, iphone 6",true,Title,Default,,,,,,1015,shopify,0,deny,manual,2590,,true,false,5aec1fad1f7cdc0009c7a49b,https://cdn.shopify.com/s/files/1/2424/9275/products/df862bd563975cebe89fe276b5d03e5e_e5f08a48-7112-4777-8c87-e9b215a0bf2d.jpg?v=1525424399,1,,false,,,,,,,,,,,,,,,,,kg,,
apple-iphone-5s-16gb-9e3349,Apple iPhone 5S 16GB (9E3349),"Spesifikasjoner:
Vekt: 112g
Dimensjon: (123.8 x 58.6 x 7.6 mm )
Skjerm Størrelse: 4,0-inch
OS: iOS 7, upgradable to iOS 11.3
CPU: Dual-core 1.3 GHz Cyclone (ARM v8-based)
RAM: 1GB
Batteri: 1560mAh
Kamera: 8MP
Front Kamera: 1,2MP",Apple,Smartphone,"16gb, iphone 5s, Smartphone",true,Title,Default,,,,,,1002,shopify,0,deny,manual,1490,,true,false,5ae1cae65803f2000927a040,https://cdn.shopify.com/s/files/1/2424/9275/products/73d53047ba5a39dfe6129367374ca0e3_1803393f-b205-4a81-9c69-92804835b921.jpg?v=1525256726,1,,false,,,,,,,,,,,,,,,,,kg,,
apple-iphone-6-16gb-8qxwdj,Apple iPhone 6 16GB (8QXWDJ),"Spesifikasjoner:
Vekt: 129g
Dimensjon: 138.1 x 67 x 6.9 mm
Skjerm Størrelse: 4,7-inch
OS: iOS 8, upgradable to iOS 11.2.5
CPU: Apple A8, Dual-core 1.4 GHz Typhoon (ARM v8-based) 
RAM: 1GB
Batteri: 1810mAh
Kamera: 8MP
Front Kamera: 1,2MP",BuiltOn Store,Smartphone,"16gb, iphone 6",true,Title,Default,,,,,,1000,shopify,0,deny,manual,2490,,true,false,5ae1cae65803f2000927a03f,https://cdn.shopify.com/s/files/1/2424/9275/products/df862bd563975cebe89fe276b5d03e5e_d0f4ba8e-17d1-4b32-97a5-2b164bb08106.jpg?v=1525256656,1,,false,,,,,,,,,,,,,,,,,kg,,
apple-iphone-5s-16gb-43d6xr,Apple iPhone 5S 16GB (43D6XR),"Spesifikasjoner:
Vekt: 112g
Dimensjon: (123.8 x 58.6 x 7.6 mm )
Skjerm Størrelse: 4,0-inch
OS: iOS 7, upgradable to iOS 11.3
CPU: Dual-core 1.3 GHz Cyclone (ARM v8-based)
RAM: 1GB
Batteri: 1560mAh
Kamera: 8MP
Front Kamera: 1,2MP",Apple,Smartphone,"16gb, iphone 5s, Smartphone, silver",true,Title,Default,,,,,,870,shopify,0,deny,manual,1390,,true,false,5ae065866b0e81000ab5bcb6,https://cdn.shopify.com/s/files/1/2424/9275/products/73d53047ba5a39dfe6129367374ca0e3_8ee02ec0-cf97-46ec-84f4-d4cd1c92ecc1.jpg?v=1524745257,1,,false,,,,,,,,,,,,,,,,,kg,,
apple-iphone-4-32gb-njev3z,Apple iPhone 4 32GB (NJEV3Z),,Apple,Smartphone,Smartphone,true,Title,Default,,,,,,750,shopify,1,deny,manual,0,,true,false,5ae1b9075803f2000927a03e,https://cdn.shopify.com/s/files/1/2424/9275/products/8fc4982ec1b7811e921632c7a884ae30.jpg?v=1524742466,1,,false,,,,,,,,,,,,,,,,,kg,,
apple-iphone-5s-16gb-yz2d3z,Apple iPhone 5S 16GB (YZ2D3Z),"Spesifikasjoner:
Vekt: 112g
Dimensjon: (123.8 x 58.6 x 7.6 mm )
Skjerm Størrelse: 4,0-inch
OS: iOS 7, upgradable to iOS 11.3
CPU: Dual-core 1.3 GHz Cyclone (ARM v8-based)
RAM: 1GB
Batteri: 1560mAh
Kamera: 8MP
Front Kamera: 1,2MP",BuiltOn Store,Smartphone,,true,Title,Default,,,,,,1600,shopify,0,deny,manual,800,,true,false,5ae189306b6b7c00081dc055,https://cdn.shopify.com/s/files/1/2424/9275/products/73d53047ba5a39dfe6129367374ca0e3_b51c1d55-1890-444f-821a-e0d6355155e8.jpg?v=1524730220,1,,false,,,,,,,,,,,,,,,,,kg,,
apple-iphone-6s-16gb-g673rz,Apple iPhone 6S 16GB (G673RZ),,BuiltOn Store,Smartphone,,true,Title,Default,,,,,,1650,shopify,0,deny,manual,2990,,true,false,5ae065376b0e81000b67d29b,https://cdn.shopify.com/s/files/1/2424/9275/products/73c7b091f1379b92a6e6c68b6dfdbc68.jpg?v=1524730150,1,,false,,,,,,,,,,,,,,,,,kg,,
apple-iphone-6-16gb-k9989p,Apple iPhone 6 16GB (K9989P),"Spesifikasjoner:
Vekt: 129g
Dimensjon: 138.1 x 67 x 6.9 mm
Skjerm Størrelse: 4,7-inch
OS: iOS 8, upgradable to iOS 11.2.5
CPU: Apple A8, Dual-core 1.4 GHz Typhoon (ARM v8-based) 
RAM: 1GB
Batteri: 1810mAh
Kamera: 8MP
Front Kamera: 1,2MP",BuiltOn Store,Smartphone,,true,Title,Default,,,,,,850,shopify,0,deny,manual,2590,,true,false,5ae065376b0e81000b67d29a,https://cdn.shopify.com/s/files/1/2424/9275/products/df862bd563975cebe89fe276b5d03e5e_35138030-f988-45b0-834a-6651b4dae6bd.jpg?v=1524729159,1,,false,,,,,,,,,,,,,,,,,kg,,
apple-iphone-5s-16gb-y8gx78,Apple iPhone 5S 16GB (Y8GX78),"Spesifikasjoner: Vekt: 112g Dimensjon: (123.8 x 58.6 x 7.6 mm ) Skjerm Størrelse: 4,0-inch OS: iOS 7, upgradable to iOS 11.3 CPU: Dual-core 1.3 GHz Cyclone (ARM v8-based) RAM: 1GB Batteri: 1560mAh Kamera: 8MP Front Kamera: 1,2MP",BuiltOn Store,Smartphone,,true,Title,Default,,,,,,950,shopify,0,deny,manual,1490,,true,false,5ae065376b0e81000b67d299,https://cdn.shopify.com/s/files/1/2424/9275/products/73d53047ba5a39dfe6129367374ca0e3_dd102284-ead8-4072-80ee-aae5392c32a6.jpg?v=1524726989,1,,false,,,,,,,,,,,,,,,,,kg,,
apple-iphone-5s-16gb-pj342q,Apple iPhone 5S 16GB (PJ342Q),"Spesifikasjoner: Vekt: 112g Dimensjon: (123.8 x 58.6 x 7.6 mm ) Skjerm Størrelse: 4,0-inch OS: iOS 7, upgradable to iOS 11.3 CPU: Dual-core 1.3 GHz Cyclone (ARM v8-based) RAM: 1GB Batteri: 1560mAh Kamera: 8MP Front Kamera: 1,2MP",BuiltOn Store,Smartphone,,true,Title,Default,,,,,,990,shopify,0,deny,manual,1490,,true,false,5adf1d868dee970072b392b8,https://cdn.shopify.com/s/files/1/2424/9275/products/73d53047ba5a39dfe6129367374ca0e3_b3e7a2d6-c6cf-48de-a069-069ea0a865f5.jpg?v=1524652808,1,,false,,,,,,,,,,,,,,,,,kg,,
apple-iphone-6-16gb-mqvv62,Apple iPhone 6 16GB (MQVV62),"Spesifikasjoner:
Vekt: 129g
Dimensjon: 138.1 x 67 x 6.9 mm
Skjerm Størrelse: 4,7-inch
OS: iOS 8, upgradable to iOS 11.2.5
CPU: Apple A8, Dual-core 1.4 GHz Typhoon (ARM v8-based) 
RAM: 1GB
Batteri: 1810mAh
Kamera: 8MP
Front Kamera: 1,2MP",BuiltOn Store,Smartphone,,true,Title,Default,,,,,,990,shopify,0,deny,manual,2490,,true,false,5adf1d868dee970072b392b7,https://cdn.shopify.com/s/files/1/2424/9275/products/df862bd563975cebe89fe276b5d03e5e_9db8aa91-fba0-4d02-8912-f7f3017cfbcd.jpg?v=1524652648,1,,false,,,,,,,,,,,,,,,,,kg,,
apple-iphone-6-16gb-jerdd2,Apple iPhone 6 16GB (JERDD2),"Spesifikasjoner:
Vekt: 129g
Dimensjon: 138.1 x 67 x 6.9 mm
Skjerm Størrelse: 4,7-inch
OS: iOS 8, upgradable to iOS 11.2.5
CPU: Apple A8, Dual-core 1.4 GHz Typhoon (ARM v8-based) 
RAM: 1GB
Batteri: 1810mAh
Kamera: 8MP
Front Kamera: 1,2MP",BuiltOn Store,Smartphone,"16GB, space grey",true,Title,Default,,,,,,1870,shopify,0,deny,manual,2490,,true,false,5ae04b9d6b0e810008adf690,https://cdn.shopify.com/s/files/1/2424/9275/products/df862bd563975cebe89fe276b5d03e5e_7bfbe00e-3e23-47f3-a92c-3f5d278590c7.jpg?v=1524649102,1,,false,,,,,,,,,,,,,,,,,kg,,
apple-iphone-5s-16gb-l7e4vz,Apple iPhone 5S 16GB (L7E4VZ),"Spesifikasjoner:
Vekt: 112g
Dimensjon: (123.8 x 58.6 x 7.6 mm )
Skjerm Størrelse: 4,0-inch
OS: iOS 7, upgradable to iOS 11.3
CPU: Dual-core 1.3 GHz Cyclone (ARM v8-based)
RAM: 1GB
Batteri: 1560mAh
Kamera: 8MP
Front Kamera: 1,2MP",BuiltOn Store,Smartphone,"16GB, space grey",true,Title,Default,,,,,,1500,shopify,0,deny,manual,1490,,true,false,5ae04b9d6b0e810008adf68f,https://cdn.shopify.com/s/files/1/2424/9275/products/73d53047ba5a39dfe6129367374ca0e3_399cacf1-d3de-4517-b168-43e06f6043da.jpg?v=1524649052,1,,false,,,,,,,,,,,,,,,,,kg,,
apple-iphone-5s-16gb-y86kzn,Apple iPhone 5S 16GB (Y86KZN),"Spesifikasjoner: Vekt: 112g Dimensjon: (123.8 x 58.6 x 7.6 mm ) Skjerm Størrelse: 4,0-inch OS: iOS 7, upgradable to iOS 11.3 CPU: Dual-core 1.3 GHz Cyclone (ARM v8-based) RAM: 1GB Batteri: 1560mAh Kamera: 8MP Front Kamera: 1,2MP",BuiltOn Store,Smartphone,"16GB, B-Grade, space grey",true,Title,Default,,,,,,1240,shopify,0,deny,manual,1200,,true,false,5adef51fc23cf3000a8e80e2,https://cdn.shopify.com/s/files/1/2424/9275/products/73d53047ba5a39dfe6129367374ca0e3.jpg?v=1524570096,1,,false,,,,,,,,,,,,,,,,,kg,,
apple-iphone-6-16gb-mknrj3,Apple iPhone 6 16GB (MKNRJ3),"Spesifikasjoner:
Vekt: 129g
Dimensjon: 138.1 x 67 x 6.9 mm
Skjerm Størrelse: 4,7-inch
OS: iOS 8, upgradable to iOS 11.2.5
CPU: Apple A8, Dual-core 1.4 GHz Typhoon (ARM v8-based) 
RAM: 1GB
Batteri: 1810mAh
Kamera: 8MP
Front Kamera: 1,2MP",BuiltOn Store,Smartphone,,true,Title,Default,,,,,,1065,shopify,0,deny,manual,2490,,true,false,5adef51fc23cf3000a8e80e1,https://cdn.shopify.com/s/files/1/2424/9275/products/df862bd563975cebe89fe276b5d03e5e_5c1ef209-d95a-43fe-9981-17a67c0c0b7b.jpg?v=1524569896,1,,false,,,,,,,,,,,,,,,,,kg,,
iphone-6,IPhone 6,"<meta charset=""utf-8""><span>Apple </span><em>iPhone 6</em><span> smartphone. Announced Sep 2014. Features 4.7″ LED-backlit IPS LCD display, Apple A8 chipset, 8 MP primary camera, 1.2 MP front camera, 1810 mAh battery, 128 GB storage, 1000 MB RAM, Ion-strengthened glass.</span>",Apple,Smartphone,,true,Title,Default Title,,,,,,970,,1,deny,manual,2000,,true,false,,https://cdn.shopify.com/s/files/1/2424/9275/products/apple-iphone-6-2016-ios-10-gallery-img-2-101016.jpg?v=1524510928,1,,false,,,,,,,,,,,,,,,,,kg,,
cellularline-samsung-galaxy-s6-edge-flip-book,Cellularline Samsung Galaxy S6 Edge Flip Book,"<p>Ultra-thin book-style-case <br>med 1 kort lomme. <br>Sort farge<br>Passer til: Samsung galaxy s6 edge</p>
<p> </p>
<p> </p>",Cellularline,Accessories,"cover, lid, s6 edge",true,Title,Default Title,,,,,,799,,1,deny,manual,150,,false,true,8018080246104,https://cdn.shopify.com/s/files/1/2424/9275/products/Bilde_05.02.2018_13_25_40.jpg?v=1524510927,1,,false,,,,,,,,,,,,,,,,,kg,,
puro-ultra-slim-samsung-galaxy-s5,Puro Ultra Slim Samsung galaxy s5,"<p>Puro Ultra Slim Clear bak lid <br>Passer: samsung galaxy s5, s5 neo</p>
<p> </p>",Puro,Accessories,"clear, lid, s5",true,Title,Default Title,,,,,,799,,0,deny,manual,90,,false,true,8033830097515,https://cdn.shopify.com/s/files/1/2424/9275/products/Bilde_05.02.2018_13_25_49.jpg?v=1524510924,1,,false,,,,,,,,,,,,,,,,,kg,,
cellularline-clear-duo-samsung-galaxy-s7-edge,Cellularline Clear Duo Samsung galaxy s7 edge,"<p>Cellularline Clear Duo <br>hard case clear </p>
<p>Passer til: Samsung galaxy s7 edge</p>",Cellularline,Accessories,"clear, cover, lid, s7 edge",true,Title,Default Title,,,,,,1560,shopify,1,deny,manual,99,,false,true,8018080260193,https://cdn.shopify.com/s/files/1/2424/9275/products/Bilde_05.02.2018_13_26_12.jpg?v=1524510921,1,,false,,,,,,,,,,,,,,,,,kg,,
cellularline-clear-duo-samsung-galaxy-s8,Cellularline Clear Duo Samsung galaxy s8+,"<p>Cellularline Clear Duo <br>hard case with rubber frame</p>
<p>Passer til: samsung galaxy s8 pluss</p>",Cellularline,Accessories,"cellularline, clear, lid, s8 pluss",true,Title,Default Title,,,,,,1460,,1,deny,manual,149,,false,true,8018080292606,https://cdn.shopify.com/s/files/1/2424/9275/products/Bilde_05.02.2018_13_26_32.jpg?v=1524510920,1,,false,,,,,,,,,,,,,,,,,kg,,
cellularline-book-agenda-samsung-galaxy-s8,Cellularline Book Agenda Samsung galaxy s8,<p>Cellularline Book Agenda <br>Leather-like finish case with pockets and stand<br>sort farge<br><br>Passer til: Samsung galaxy s8</p>,Cellularline,Accessories,"cellularline, lid, lommebok, samsung galaxy s8",true,Title,Default Title,,,,,,1360,shopify,0,continue,manual,190,,true,true,8018080292552,https://cdn.shopify.com/s/files/1/2424/9275/products/Bilde_05.02.2018_13_27_21.jpg?v=1524510918,1,,false,,,,,,,,,,,,,,,,,kg,,
cellularline-clear-duo-samsung-galaxy-s8-1,Cellularline Clear Duo samsung galaxy s8,"<p>Cellularline Clear Duo samsung galaxy s8 <br>Hard case with rubber frame</p>
<p>Passer til: samsung galaxy s8</p>",Cellularline,Accessories,"cellularline, clear, cover, lid, samsung galaxy s8",true,Title,Default Title,,,,,,1250,shopify,-1,continue,manual,149,,true,true,8018080292613,https://cdn.shopify.com/s/files/1/2424/9275/products/Bilde_05.02.2018_13_27_30.jpg?v=1524510913,1,,false,,,,,,,,,,,,,,,,,kg,,
cellularline-clear-duo-iphone-6-6s,Cellularline Clear Duo iPhone 6/6s,"<h2></h2>
<div class=""top-info-container"">
<div class=""score-stars"">Cellularline Clear Duo iPhone 6/6s<br>Clear</div>
<div class=""score-stars""></div>
<div class=""score-stars"">Passer til: iPhone 6/6S</div>
<div class=""ProducerLogo""></div>
<div class=""product-number""></div>
</div>",Cellularline,Accessories,"cellularline, clear, lid, iphone 6, iphone 6s",true,Title,Default Title,,,,,,1001,shopify,1,continue,manual,149,56,true,true,8018080218163,https://cdn.shopify.com/s/files/1/2424/9275/products/WEB_Image_-1763561960.jpg?v=1524510910,1,,false,,,,,,,,,,,,,,,,,kg,,
cellularline-zero-iphone-6-6s,Cellularline Zero iPhone 6/6s,"<p>Cellularline Zero .40<br>ultra thin hard case</p>
<p>Passer til: iPhone 6/6S</p>",Cellularline,Accessories,"cellularline, clear, lid, iphone 6, iphone 6s",true,Title,Default Title,,,,,,842,,0,deny,manual,149,,true,true,8018080218347,https://cdn.shopify.com/s/files/1/2424/9275/products/WEB_Image_867794145.jpg?v=1524510909,1,,false,,,,,,,,,,,,,,,,,kg,,
lifeproof-nuud-iphone-7,Lifeproof Nuud iPhone 7,"<meta charset=""utf-8"">
<div class=""container section-content"">
<div class=""row"">
<div class=""product-description"">
<div>
<meta charset=""utf-8"">
<div class=""heading-container"">
<h2>Vann og Støtbeskyttende. IP68</h2>
</div>
</div>
<div><span face=""Arial"" size=""2"" style=""font-family: Arial; font-size: small;""></span></div>
<div><span face=""Arial"" size=""2"" style=""font-family: Arial; font-size: small;"">WaterProof, DropProof and screenless, NÜÜD iPhone 7 case takes your phone into every adrenaline-filled adventure and back again.</span></div>
<div>
<span size=""2"" style=""font-size: small;""></span> </div>
<div>
<p class=""module3__copy"">All cases are factory water tested. Then random units undergo additional inspection, including a 2nd water test. Cases that pass are shipped. Cases that fail are scrapped.</p>
<p>You can be certain your new LifeProof case is leak free. We made sure of it!</p>
<p> </p>
<p class=""module3__copy"">The U.S. Military Standard for drop and shock protection. It requires that your LifeProof case physically withstand the drops, fumbles, vibrations and bumps you encounter day to day.</p>
<p>Your new LifeProof case prevents the number-one cause of device damage.</p>
<p> </p>
<p class=""module3__copy"">The international standard for Ingress Protection (IP). 6 and 8 are the highest ratings for solids and liquids. IP-68 rated cases withstand circulating talc for 8 hours and water immersion to 6.6 ft / 2m for 1 hr.</p>
<p>No doubt about it. Your new LifeProof case keeps water, dirt, dust and snow out.</p>
</div>
</div>
</div>
</div>
<div id=""section_1"" class=""container-fluid section-header"">
<div class=""container""></div>
</div>",Lifeproof,Accessories,"cover, lid, iphone 7, Lifeproof",true,Title,Default Title,,,,,,800,shopify,0,continue,manual,890,,true,true,660543402916,https://cdn.shopify.com/s/files/1/2424/9275/products/lifeproof_nuud.jpg?v=1524510903,1,,false,,,,,,,,,,,,,,,,,kg,,
lifeproof-fre-iphone-6-6s,Lifeproof Fre iPhone 6/6s,"<meta charset=""utf-8""><meta charset=""utf-8"">
<div class=""heading-container"">
<h2>Vann og Støtbeskyttende. IP68</h2>
</div>
<p><br>FRE</p>
<p>With its built-in screen cover, your iPhone 6 and 6s case keeps your display in pristine condition</p>
<p> </p>
<p>COMPACT DESIGN</p>
<p>Incredibly compact yet impressively tough, FRE is built sleek to complement the clean lines of your iPhone 6s</p>
<p> </p>
<p>FULL FEATURED FUNCTION</p>
<p>Every port, control and feature remains in play, so your iPhone 6s works just the way you want it</p>
<p> </p>
<p>Dimensions 150 mm x 79 mm x 12 mm</p>
<p>Weight 35 g</p>
<p>Operational Depth 2 meters underwater for 1 hour</p>
<p>Drop Height 2 meters</p>
<p>Materials Polycarbonate, Polypropylene, Synthetic Rubber &amp; Silicone</p>",Lifeproof,Accessories,"cover, lid, iphone 6, iphone 6s, lifeproof",true,Title,Default Title,,,,,,900,shopify,0,continue,manual,690,,true,true,660543386391,https://cdn.shopify.com/s/files/1/2424/9275/products/lifeproof_fre.jpg?v=1524510902,1,,false,,,,,,,,,,,,,,,,,kg,,
lifeproof-fre-iphone-5-5s-se,Lifeproof Fre iPhone 5/5S/SE,"<meta charset=""utf-8"">
<div class=""container section-content"">
<div class=""row"">
<div class=""product-description"">
<meta charset=""utf-8"">
<div class=""heading-container"">
<h2>Vann og Støtbeskyttende. IP68</h2>
</div>
<p> </p>
<p>The LifeProof fre Waterproof Case (Black) for the Apple iPhone SE/5s/5 delivers the highest level of waterproof, snow-proof, shock-proof, dirt-proof protection in an incredibly low profile case. The clear back reveals the Samsung logo and highlights the design of the iPhone SE/5s/5. Experience the freedom to surf, sing in the shower, ski, snowboard, work on construction sites and have true mobile freedom anywhere you go! </p>
</div>
</div>
</div>
<div id=""section_1"" class=""container-fluid section-header"">
<div class=""container""></div>
</div>",Lifeproof,Accessories,"cover, lid, iphone 5, iphone 5s, iphone se, Lifeproof",true,Title,Default Title,,,,,,700,shopify,1,continue,manual,690,,true,true,660543399216,https://cdn.shopify.com/s/files/1/2424/9275/products/lifeproof_fre_5s.jpg?v=1524510901,1,,false,,,,,,,,,,,,,,,,,kg,,
uag-metroplis-iphone-6-6s-7-8-sort,UAG Metroplis iPhone 6/6s/7/8 sort,"<p style=""font-weight: 400;"">Metropolis-serien er utstyrt med vårt gode antiskli-belegg og et mykt, filtbelagt lid for fullstendig 360 graders beskyttelse. Oppfyller militære fallteststandarder (MIL STD 810G 5166) og har praktisk oppbevaring for kredittkort.</p>
<p style=""font-weight: 400;""> </p>
<p style=""font-weight: 400;"">Fjærlett slagfast kjerne</p>
<p style=""font-weight: 400;"">Sprutsikkert taktilt grep</p>
<p style=""font-weight: 400;"">Oppbevaring av kredittkort</p>
<p style=""font-weight: 400;"">Enkel tilgang til berøringsskjerm og kontakter</p>
<p style=""font-weight: 400;"">Qi Kompatibel</p>",UAG,Accessories,,true,Title,Default Title,,,,,,650,shopify,1,continue,manual,349,,true,true,850507007091,https://cdn.shopify.com/s/files/1/2424/9275/products/uag_metro_ip6.jpg?v=1524510899,1,,false,,,,,,,,,,,,,,,,,kg,,
otterbox-defender-iphone-5-5s-se,Otterbox Defender iPhone 5/5s/SE,"<meta charset=""utf-8"">
<p><span face=""Arial"" size=""2"" style=""font-family: Arial; font-size: small;"">Robust, 3-layer protection withstands drops, bumps and shocks<br>- Built-in screen protector prevents scratches<br>- Port covers keep out dust and debris<br>- Holster-style swiveling belt clip included</span><span face=""Arial"" size=""2"" style=""font-family: Arial; font-size: small;""><span> </span><br></span><span face=""Arial"" size=""2"" style=""font-family: Arial; font-size: small;""></span></p>
<p><span face=""Arial"" size=""2"" style=""font-family: Arial; font-size: small;"">The Defender Series iPhone case is the only case for demanding conditions, heavy use and random accidents. Three layers of protection include a polycarbonate skeleton that cushions the iPhone while the built-in screen protector prevents smudges and scratches. The outer layer wraps around the solid inner shell like an epidermis, creating a practically indestructible iPhone case. A belt-clip holster is included and doubles as a media viewing stand. The Defender Series case for the iPhone will protect your investment from drops, dust and other accidents.</span></p>
<p> </p>
<p><span></span> </p>",Otterbox,Accessories,"cover, lid, iphone 5, iphone 5s, iphone se, otterbox",true,Title,Default Title,,,,,,950,shopify,2,continue,manual,490,,true,true,660543026860,https://cdn.shopify.com/s/files/1/2424/9275/products/otterbox_defender_5s_2.jpg?v=1524510896,1,,false,,,,,,,,,,,,,,,,,kg,,
samsung-s4-wallet cover-hvit-farge,Samsung s4 wallet cover hvit farge,"<p>Enkel wallet cover hvit farge<br>2 kort lommer og en stor til sedler.</p>
<p>passer til: Samsung galaxy s4</p>",Greenphones,Accessories,"cover, wallet cover, samsung s4",true,Title,Default Title,,,,,,1050,shopify,0,deny,manual,150,,true,true,,https://cdn.shopify.com/s/files/1/2424/9275/products/Bilde_07.02.2018_09_54_23.jpg?v=1524510894,1,,false,,,,,,,,,,,,,,,,,kg,,
essentials-detachable-2-in-1-wallet-case-for-samsung-s8-pluss,Essentials Detachable 2 in 1 Wallet Case for samsung s8 pluss,"<p style=""font-weight: 400;"">Essentials Booklet med avtakbart cover er som skapt for telefonen din. De nøyaktige utskjæringene gir deg full tilgang til alle portene. Den har magnetisk lukkeklaff, tre kortlommer og en pengelomme.</p>
<p style=""font-weight: 400;""> </p>
<p style=""font-weight: 400;"">2-i-1 Advance kombicase kan brukes både som booklet og som lid. Den magnetisk avtakbare lokket gir deg friheten til å bruke lidet separat. Lokket i TPU med hevede kanter forhindrer at skjermen kommer i kontakt med underlaget. Sklisikker overflate på lokket gir ekstra beskyttelse og reduserer sjansen for at telefonen glipper ut av hendene dine. Det er mye plass til alle eiendelene dine.</p>
<p style=""font-weight: 400;""> </p>
<p style=""font-weight: 400;""> </p>
<p style=""font-weight: 400;"">Slank design</p>
<p style=""font-weight: 400;"">Tre romslige, flott utskjærte kortlommer</p>
<p style=""font-weight: 400;"">Pengelomme</p>
<p style=""font-weight: 400;"">Avtakbart svart lid er inkludert</p>
<p style=""font-weight: 400;"">Tynn magnet på baksiden av lidet</p>
<p style=""font-weight: 400;"">Laget av PU</p>",Essentials,Accessories,"2i1, cover, lid, essentials, wallet cover, samsung s8 pluss",true,Title,Default Title,,,,,,1250,shopify,2,continue,manual,190,,true,true,5706470069527,https://cdn.shopify.com/s/files/1/2424/9275/products/essentials_s8_p_4.jpg?v=1524510885,1,,false,,,,,,,,,,,,,,,,,kg,,
puro-wallet-detachable-2in1-for-samsung-galaxy-s8,Puro Wallet Detachable 2in1 for Samsung galaxy S8,"<p style=""font-weight: 400;"">Bok-lid med integrert avtagbart lid til Samsung Galaxy S8.</p>
<p style=""font-weight: 400;"">Frontklaffen har 3 innvendige kortspor og lomme for penger. Dette boklidet i øko-skinn garanterer total beskyttelse og fri tilgang til alle kontroller</p>
<p style=""font-weight: 400;""> </p>
<p style=""font-weight: 400;"">Avtagbart lid med magnetisk system</p>
<p style=""font-weight: 400;"">3 kortspor og 1 pengelomme</p>
<p style=""font-weight: 400;"">Fri tilgang til kameraet</p>
<p style=""font-weight: 400;"">Fri tilgang til alle kontroller</p>
<span style=""font-weight: 400;"">Total beskyttelse</span>",Puro,Accessories,"2i1, lid, wallet cover, puro, samsung galaxy s8",true,Title,Default Title,,,,,,1350,shopify,1,continue,manual,290,,true,true,8033830184963,https://cdn.shopify.com/s/files/1/2424/9275/products/puro_2i1_s8_2.jpg?v=1524510881,1,,false,,,,,,,,,,,,,,,,,kg,,
cellularline-clear-duo-for-samsung-galaxy-s7,Cellularline Clear Duo for samsung galaxy s7,"<meta charset=""utf-8"">
<p>Hard case with rubber frame</p>
<p>Case characterized by the innovative double material capable of the combination ultra transparency and protection. It combines the main plus of a transparent rigid case and a rubber one: highlighting the design and protecting the back and edges.</p>
<ul>
<li>Bi-component material: rigid shell combined with a rubber frame</li>
<li>Raised rubber frame for greater font protection</li>
<li>Anti-shock:protects from knocks and fall</li>
</ul>",Cellularline,Accessories,"cellularline, clear, cover, lid, samsung s7",true,Title,Default Title,,,,,,1450,shopify,1,continue,manual,149,,true,true,8018080259890,https://cdn.shopify.com/s/files/1/2424/9275/products/clduos7_2.jpg?v=1524510880,1,,false,,,,,,,,,,,,,,,,,kg,,
essentials-leather-book-case-for-iphone-6-6s-7-8-brun,Essentials Leather Book Case for iPhone 6/6s/7/8 Brun,"<p>Perfekt designet wallet i skinn med et tidløst utseende og tre spor til kredittkort på innsiden. Denne wallet er laget av flotte materialer og er perfekt sammen med din iPhone.</p>
<p> </p>
<p>Oppbevaring av 3 betalingskort</p>
<p>Laget av flotte materialer</p>
<p>Den perfekte følgesvennen</p>",Essentials,Accessories,"cover, lid, essentials, iPhone 6, iphone 6s, iphone 7, iphone 8, wallet cover",true,Title,Default Title,,,,,,1550,shopify,2,continue,manual,249,,true,true,5706470071629,https://cdn.shopify.com/s/files/1/2424/9275/products/essential_i8_2.jpg?v=1524510878,1,,false,,,,,,,,,,,,,,,,,kg,,
copy-of-essentials-leather-book-case-for-iphone-6-6s-7-8-brun,Essentials Leather Book Case for iPhone 6/6s/7/8 Lys Brun,"<p>Perfekt designet wallet i skinn med et tidløst utseende og tre spor til kredittkort på innsiden. Denne wallet er laget av flotte materialer og er perfekt sammen med din iPhone.</p>
<p> </p>
<p>Oppbevaring av 3 betalingskort</p>
<p>Laget av flotte materialer</p>
<p>Den perfekte følgesvennen</p>",Essentials,Accessories,"cover, lid, essentials, iPhone 6, iphone 6s, iphone 7, iphone 8, wallet cover",true,Title,Default Title,,,,,,1650,shopify,2,continue,manual,249,,true,true,5706470071674,https://cdn.shopify.com/s/files/1/2424/9275/products/ip8_lysbrun_3.jpg?v=1524510875,1,,false,,,,,,,,,,,,,,,,,kg,,
copy-of-essentials-leather-book-case-for-iphone-6-6s-7-8-lys-brun,Essentials Leather Book Case for iPhone 6/6s/7/8 Pluss Brun,"<p>NB: er til iphone pluss versjonene ( 6,6s,7,8 )</p>
<p>Perfekt designet wallet i skinn med et tidløst utseende og tre spor til kredittkort på innsiden. Denne wallet er laget av flotte materialer og er perfekt sammen med din iPhone.</p>
<p> </p>
<p>Oppbevaring av 3 betalingskort</p>
<p>Laget av flotte materialer</p>
<p>Den perfekte følgesvennen</p>",Essentials,Accessories,"cover, lid, essentials, iphone 6 plus, iphone 6s plus, iphone 7, iphone 8 plus, wallet cover",true,Title,Default Title,,,,,,1750,shopify,1,continue,manual,290,,true,true,5706470071735,https://cdn.shopify.com/s/files/1/2424/9275/products/8plus_brun_2.jpg?v=1524510872,1,,false,,,,,,,,,,,,,,,,,kg,,
copy-of-essentials-leather-book-case-for-iphone-6-6s-7-8-pluss-brun,Essentials Leather Book Case for iPhone 6/6s/7/8 Pluss Svart,"<p>Perfekt designet wallet i skinn med et tidløst utseende og tre spor til kredittkort på innsiden. Denne wallet er laget av flotte materialer og er perfekt sammen med din iPhone.</p>
<p> </p>
<p>Oppbevaring av 3 betalingskort</p>
<p>Laget av flotte materialer</p>
<p>Den perfekte følgesvennen</p>",Essentials,Accessories,"cover, lid, essentials, iphone 6 plus, iphone 6s plus, iphone 7, iphone 8 plus, wallet cover",true,Title,Default Title,,,,,,1850,shopify,1,continue,manual,290,,true,true,5706470071704,https://cdn.shopify.com/s/files/1/2424/9275/products/8pluss_svart_3.jpg?v=1524510869,1,,false,,,,,,,,,,,,,,,,,kg,,
essentials-detachable-2in1-wallet-case-for-iphone-6-6s-7-8-brun,Essentials Detachable 2in1 Wallet Case for iPhone 6/6s/7/8 Brun,"<p style=""font-weight: 400;"">Essentials Booklet med avtakbart cover er som skapt for telefonen din. De nøyaktige utskjæringene gir deg full tilgang til alle portene. Den har magnetisk lukkeklaff, tre kortlommer og en pengelomme.</p>
<p style=""font-weight: 400;""> </p>
<p style=""font-weight: 400;"">2-i-1 Advance kombicase kan brukes både som booklet og som lid. Den magnetisk avtakbare lokket gir deg friheten til å bruke lidet separat. Lokket i TPU med hevede kanter forhindrer at skjermen kommer i kontakt med underlaget. Sklisikker overflate på lokket gir ekstra beskyttelse og reduserer sjansen for at telefonen glipper ut av hendene dine. Det er mye plass til alle eiendelene dine.</p>
<p style=""font-weight: 400;""> </p>
<p style=""font-weight: 400;""> </p>
<p style=""font-weight: 400;"">Slank design</p>
<p style=""font-weight: 400;"">Tre romslige, flott utskjærte kortlommer</p>
<p style=""font-weight: 400;"">Pengelomme</p>
<p style=""font-weight: 400;"">Avtakbart svart lid er inkludert</p>
<p style=""font-weight: 400;"">Tynn magnet på baksiden av lidet</p>
<p style=""font-weight: 400;"">Laget av PU</p>
<p style=""font-weight: 400;""> </p>
<p style=""font-weight: 400;""> </p>
<p style=""font-weight: 400;""><b><strong>Passer til:</strong></b></p>
<p style=""font-weight: 400;"">Apple iPhone 6/6s<br>Apple iPhone 7<br>Apple iPhone 8</p>",Essentials,Accessories,"apple, cover, lid, essentials, iphone 6, iphone 6 plus, iphone 7, iphone 8, wallet cover",true,Title,Default Title,,,,,,1950,shopify,1,continue,manual,190,,true,true,5706470067912,https://cdn.shopify.com/s/files/1/2424/9275/products/2i1_brun_ip8_2.jpg?v=1524510866,1,,false,,,,,,,,,,,,,,,,,kg,,
copy-of-essentials-detachable-2in1-wallet-case-for-iphone-6-6s-7-8-brun,Essentials Detachable 2in1 Wallet Case for iPhone 6/6s/7/8 Svart,"<p style=""font-weight: 400;"">Essentials Booklet med avtakbart cover er som skapt for telefonen din. De nøyaktige utskjæringene gir deg full tilgang til alle portene. Den har magnetisk lukkeklaff, tre kortlommer og en pengelomme.</p>
<p style=""font-weight: 400;""> </p>
<p style=""font-weight: 400;"">2-i-1 Advance kombicase kan brukes både som booklet og som lid. Den magnetisk avtakbare lokket gir deg friheten til å bruke lidet separat. Lokket i TPU med hevede kanter forhindrer at skjermen kommer i kontakt med underlaget. Sklisikker overflate på lokket gir ekstra beskyttelse og reduserer sjansen for at telefonen glipper ut av hendene dine. Det er mye plass til alle eiendelene dine.</p>
<p style=""font-weight: 400;""> </p>
<p style=""font-weight: 400;""> </p>
<p style=""font-weight: 400;"">Slank design</p>
<p style=""font-weight: 400;"">Tre romslige, flott utskjærte kortlommer</p>
<p style=""font-weight: 400;"">Pengelomme</p>
<p style=""font-weight: 400;"">Avtakbart svart lid er inkludert</p>
<p style=""font-weight: 400;"">Tynn magnet på baksiden av lidet</p>
<p style=""font-weight: 400;"">Laget av PU</p>
<p style=""font-weight: 400;""> </p>
<p style=""font-weight: 400;""> </p>
<p style=""font-weight: 400;""><b><strong>Passer til:</strong></b></p>
<p style=""font-weight: 400;"">Apple iPhone 6/6s<br>Apple iPhone 7<br>Apple iPhone 8</p>",Essentials,Accessories,"cover, lid, essentials, iphone 6, iphone 6 plus, iphone 7, iphone 8, wallet cover",true,Title,Default Title,,,,,,740,shopify,1,continue,manual,190,,true,true,5706470067929,https://cdn.shopify.com/s/files/1/2424/9275/products/2i1_svart_ip8_3.jpg?v=1524510864,1,,false,,,,,,,,,,,,,,,,,kg,,
essentials-max-wallet-for-iphone-6-6s-7-8,Essentials MAX Wallet for iphone 6/6s/7/8,"<meta charset=""utf-8"">
<div><span face=""Arial"" size=""2"" style=""font-family: Arial; font-size: small;"">Dette bok-dekslet med plass til kredittkort er sofistikert og designet med en subtil tekstur som viser frem din individualitet og stil.</span></div>
<div>
<span face=""Arial"" size=""2"" style=""font-family: Arial; font-size: small;""></span> </div>
<div><span face=""Arial"" size=""2"" style=""font-family: Arial; font-size: small;"">Dekslet har integrert holder til 6 creditcards, så nå kan du bare la lommeboken ligge igjen hjemme.</span></div>
<div>
<span face=""Arial"" size=""2"" style=""font-family: Arial; font-size: small;""></span> </div>
<div><span face=""Arial"" size=""2"" style=""font-family: Arial; font-size: small;"">Som alltid med Essential-serien, har den blitt laget med stil, kvalitet og beskyttelse i minnet.</span></div>
<div>
<span size=""2"" style=""font-size: small;""></span> </div>
<div><span size=""2"" style=""font-size: small;""><strong>Kompatibilitet:</strong></span></div>
<div><span size=""2"" style=""font-size: small;"">Apple iPhone 6/6s/8/7</span></div>",Essentials,Accessories,"cover, lid, essentials, iphone 6, iphone 6s, iphone 7, iphone 8, wallet cover",true,Title,Default Title,,,,,,940,shopify,1,continue,manual,190,,true,true,5706470066939,https://cdn.shopify.com/s/files/1/2424/9275/products/max_wallet_ip8_2.jpg?v=1524510862,1,,false,,,,,,,,,,,,,,,,,kg,,
timetech-lommebokveske-for-iphone-6-6s-7,Timetech Lommebokveske for iPhone 6/6s/7,"<meta charset=""utf-8"">
<div class=""container section-content"">
<div class=""row"">
<div class=""product-description"">
<p>Wallet Case for iPhone 7</p>
<p> </p>
<p>Sort skinn med 3 stk kortlommer</p>
</div>
</div>
</div>
<div id=""section_1"" class=""container-fluid section-header"">
<div class=""container""></div>
</div>",Timetech,Accessories,"cover, lid, iphone 6, iphone 7, wallet cover, Timetech",true,Title,Default Title,,,,,,840,shopify,1,continue,manual,149,,true,true,7071701141920,https://cdn.shopify.com/s/files/1/2424/9275/products/timetech_ip7.jpg?v=1524510860,1,,false,,,,,,,,,,,,,,,,,kg,,
puro-wallet-detachable-2i1-for-iphone-6-6s-7-8,Puro Wallet Detachable 2i1 for iPhone 6/6s/7/8,"<meta charset=""utf-8"">
<p>Wallet with integrated detachable cover </p>
<p> </p>
<p>The frontal flap is characterized by 3 inner card slots and 1 money pocket.</p>
<p> </p>
<p>This eco-leather case guarantees total protection and free access to all controls. Available in black.</p>
<p> </p>",Puro,Accessories,"2i1, cover, lid, iphone 6, iphone 6s, iphone 7, iphone 8, wallet cover, puro",true,Title,Default Title,,,,,,840,shopify,1,continue,manual,0,,true,true,8033830173264,https://cdn.shopify.com/s/files/1/2424/9275/products/puro_2i1_ip8.jpg?v=1524510858,1,,false,,,,,,,,,,,,,,,,,kg,,
cellularline-chroma-wired-headphones-rod,Cellularline Chroma Wired headphones Rød,"<p style=""font-weight: 400;"">CHROMA Wired headphones with mic</p>
<p style=""font-weight: 400;""><b><strong>Chroma</strong></b> are wired headphones with a captivating colourful design featuring soft padded on-ear headphones, so they’re perfect if you love to spend your day listening to your favourite music, especially when using your smartphone.</p>
<p style=""font-weight: 400;""><b><strong>Chroma</strong></b> headphones also have a Clear Voice Microphone that makes your voice sound crisp, therefore offering better phone call quality.</p>
<p style=""font-weight: 400;"">Choose the perfect colour for your style and always take your favourite music with you wherever you go </p>
<ul>
<li>CLEAR VOICE MICROPHONE</li>
<li>FOLDABLE DESIGN</li>
<li>PUMP BASS: deep, rich bass 40 mm neodymium drivers</li>
<li>Frequency response 20-20,000 Hz</li>
<li>Impedance 32 O ±15%</li>
<li>Sensitivity 105±3 dB</li>
</ul>
<p style=""font-weight: 400;""><b><strong>Compatibility:</strong></b></p>
<p style=""font-weight: 400;"">Universal 3,5 mm</p>",Cellularline,Accessories,"cellularline, headphones, sound",true,Title,Default Title,,,,,,840,shopify,1,continue,manual,190,,true,true,8018080295485,https://cdn.shopify.com/s/files/1/2424/9275/products/CL_chroma_red.jpg?v=1524510857,1,,false,,,,,,,,,,,,,,,,,kg,,
copy-of-cellularline-chroma-wired-headphones-rod,Cellularline Chroma Wired headphones Svart,"<p style=""font-weight: 400;"">CHROMA Wired headphones with mic</p>
<p style=""font-weight: 400;""><b><strong>Chroma</strong></b> are wired headphones with a captivating colourful design featuring soft padded on-ear headphones, so they’re perfect if you love to spend your day listening to your favourite music, especially when using your smartphone.</p>
<p style=""font-weight: 400;""><b><strong>Chroma</strong></b> headphones also have a Clear Voice Microphone that makes your voice sound crisp, therefore offering better phone call quality.</p>
<p style=""font-weight: 400;"">Choose the perfect colour for your style and always take your favourite music with you wherever you go</p>
<ul>
<li>CLEAR VOICE MICROPHONE</li>
<li>FOLDABLE DESIGN</li>
<li>PUMP BASS: deep, rich bass 40 mm neodymium drivers</li>
<li>Frequency response 20-20,000 Hz</li>
<li>Impedance 32 O ±15%</li>
<li>Sensitivity 105±3 dB</li>
</ul>
<p style=""font-weight: 400;""><b><strong>Compatibility:</strong></b></p>
<p style=""font-weight: 400;"">Universal 3,5 mm</p>",Cellularline,Accessories,"cellularline, headphones, sound",true,Title,Default Title,,,,,,940,shopify,1,continue,manual,190,,true,true,8018080295447,https://cdn.shopify.com/s/files/1/2424/9275/products/cl_chroma_svart.jpg?v=1524510856,1,,false,,,,,,,,,,,,,,,,,kg,,
apple-airpods,Apple AirPods,"<p style=""font-weight: 400;""><b><strong>Vidunderlig trådløshet</strong></b></p>
<p style=""font-weight: 400;"">AirPods kommer til å forandre måten du bruker hodetelefoner på. Når du tar AirPods ut av ladeetuiet, slår de seg på øyeblikkelig og kobler seg til din iPhone, Apple Watch, iPad eller Mac.</p>
<p style=""font-weight: 400;"">sounden slår seg på automatisk så snart du har satt dem i ørene, og settes på pause når du tar dem ut. Du kan justere volumet, bytte sang, ringe, få lest opp veibeskrivelser og mer – bare trykk lett to ganger for å aktivere Siri.</p>
<p style=""font-weight: 400;""> AirPods drives av en spesialutviklet W1-chip fra Apple og benytter optiske sensorer og et akselerometer for å registrere om de sitter i ørene. Uansett om du bruker én av øretelefonene eller begge, sender W1-chipen sounden dit den skal og aktiverer mikrofonen automatisk.</p>
<p style=""font-weight: 400;"">Når du ringer til noen eller snakker med Siri vil et ekstra akselerometer og stråleformende mikrofoner filtrere ut bakgrunnsstøy og fokusere på sounden av stemmen din.</p>
<p style=""font-weight: 400;"">Med effektiv strømstyring og lavt strømforbruk sørger W1-chipen for at AirPods er bransjeledende, med opptil fem timer lyttetid på én lading. De er dessuten laget for å holde tritt med deg, takket være ladeetuiet som kan lade dem opp flere ganger og gi mer enn 24 timers batteritid.</p>
<p style=""font-weight: 400;"">Trenger du strøm fort? Bare femten minutter i etuiet gir deg tre timer med lytting.</p>
<ul>
<li>Designet av Apple</li>
<li>Automatisk aktivering og tilkobling</li>
<li>Konfigureres for alle Apple-enhetene dine med ett trykk</li>
<li>Enkel tilgang til Siri med to lette trykk</li>
<li>Mer enn 24 timers batteritid med ladeetui</li>
<li>Lades raskt i etuiet</li>
<li>Fyldig, høyoppløst sound og tale</li>
<li>Sømløst bytte mellom enheter</li>
</ul>
<p style=""font-weight: 400;""><b><strong>Vekt</strong></b></p>
<p style=""font-weight: 400;""><b><strong>AirPods (hver enkelt): 4 gram</strong></b></p>
<p style=""font-weight: 400;"">Ladeetui: 38 gram</p>
<p style=""font-weight: 400;""><b><strong>Størrelse</strong></b></p>
<p style=""font-weight: 400;"">AirPods (hver enkelt): 16,5 x 18 x 40,5 mm</p>
<p style=""font-weight: 400;"">Ladeetui: 44,3 x 21,3 x 53,5 mm</p>
<p style=""font-weight: 400;""><b><strong>Tilkoblinger</strong></b></p>
<p style=""font-weight: 400;"">AirPods: Bluetooth</p>
<p style=""font-weight: 400;"">Ladeetui: Lightning-tilkobling<b><strong> </strong></b></p>
<p style=""font-weight: 400;""><b><strong>AirPods-sensorer (hver enkelt):</strong></b></p>
<p style=""font-weight: 400;"">Doble stråleformende mikrofoner</p>
<p style=""font-weight: 400;"">Doble optiske sensorer</p>
<p style=""font-weight: 400;"">Bevegelsesbasert akselerometer</p>
<p style=""font-weight: 400;"">Talebasert akselerometer</p>
<p style=""font-weight: 400;""><b><strong>Strøm og batteri</strong></b></p>
<p style=""font-weight: 400;"">AirPods med ladeetui: Mer enn 24 timer med lytting, inntil 11 timer med taletid</p>
<p style=""font-weight: 400;"">AirPods (én enkelt lading): Inntil 5 timer med lytting, inntil 2 timer med taletid</p>
<p style=""font-weight: 400;"">15 minutter i etuiet tilsvarer 3 timer med lytting eller mer enn 1 time taletid </p>
<p style=""font-weight: 400;""><b><strong>Systemkrav</strong></b></p>
<p style=""font-weight: 400;"">iPhone, iPad eller iPod touch med iOS 10 eller nyere</p>
<p style=""font-weight: 400;"">Apple Watch med watchOS 3 eller nyere</p>
<p style=""font-weight: 400;"">Mac med macOS Sierra eller nyere </p>
<p style=""font-weight: 400;""><b><strong>Kompatibilitet</strong></b></p>
<p style=""font-weight: 400;"">iPhone 5, iPhone 5c, iPhone 5s, iPhone SE, iPhone 6, iPhone 6 Plus, iPhone 6s, iPhone 6s Plus, iPhone 7, iPhone 7 Plus, iPad mini 2, iPad Air, iPad Air 2, iPad mini 3, iPad mini iPad Pro (9,7-tommer), iPad Pro (12,9-tommer) og iPod touch (sjette generasjon).</p>",Apple,Accessories,"airpods, apple, sound",true,Title,Default Title,,,,,,1050,shopify,6,continue,manual,1790,,true,true,,https://cdn.shopify.com/s/files/1/2424/9275/products/airpods.jpg?v=1524510855,1,,false,,,,,,,,,,,,,,,,,kg,,
skullcandy-inkd-2-hvit-svart,Skullcandy INKD 2 Hvit/Svart,"<p style=""font-weight: 400;""><b><strong>Supreme Sound™</strong></b></p>
<p style=""font-weight: 400;"">Ink’d 2 features Supreme Sound™ technology producing attacking, powerful bass; warm, natural vocals; and precision highs.</p>
<p style=""font-weight: 400;""><br><b><strong>Flat Cable</strong></b></p>
<p style=""font-weight: 400;"">The ultra-durable flat cable decreases nasty tangles and provides a unique look.</p>
<p style=""font-weight: 400;""><br><b><strong>1-Button Remote and Mic</strong></b></p>
<p style=""font-weight: 400;"">A single button in-line remote with mic can take/make calls, play/pause music and cycle through tracks.</p>
<p style=""font-weight: 400;""> </p>
<p style=""font-weight: 400;""> </p>
<p style=""font-weight: 400;"">Tilkobling 3.5 mm jack</p>
<p style=""font-weight: 400;"">2 sett med gummipropper:2 størrelser</p>
<p style=""font-weight: 400;"">Kompatibel med Apple og Android enheter</p>",Skullcandy,Accessories,"sound, skullcandy, earphones",true,Title,Default Title,,,,,,2500,shopify,1,continue,manual,249,,true,true,878615054523,https://cdn.shopify.com/s/files/1/2424/9275/products/skullcandy_svart.jpg?v=1524510854,1,,false,,,,,,,,,,,,,,,,,kg,,
copy-of-skullcandy-inkd-2-hvit-svart,Skullcandy INKD 2 Svart,"<p style=""font-weight: 400;""><b><strong>Supreme Sound™</strong></b></p>
<p style=""font-weight: 400;"">Ink’d 2 features Supreme Sound™ technology producing attacking, powerful bass; warm, natural vocals; and precision highs.</p>
<p style=""font-weight: 400;""><br><b><strong>Flat Cable</strong></b></p>
<p style=""font-weight: 400;"">The ultra-durable flat cable decreases nasty tangles and provides a unique look.</p>
<p style=""font-weight: 400;""><br><b><strong>1-Button Remote and Mic</strong></b></p>
<p style=""font-weight: 400;"">A single button in-line remote with mic can take/make calls, play/pause music and cycle through tracks.</p>
<p style=""font-weight: 400;""> </p>
<p style=""font-weight: 400;""> </p>
<p style=""font-weight: 400;"">Tilkobling 3.5 mm jack</p>
<p style=""font-weight: 400;"">2 sett med gummipropper:2 størrelser</p>
<p style=""font-weight: 400;"">Kompatibel med Apple og Android enheter</p>",Skullcandy,Accessories,"sound, skullcandy, earphones",true,Title,Default Title,,,,,,1500,shopify,1,continue,manual,249,,true,true,878615035669,https://cdn.shopify.com/s/files/1/2424/9275/products/skullcandy_svat_3.jpg?v=1524510852,1,,false,,,,,,,,,,,,,,,,,kg,,
copy-of-skullcandy-inkd-2-svart,Skullcandy INKD 2 Svart/Rød,"<p style=""font-weight: 400;""><b><strong>Supreme Sound™</strong></b></p>
<p style=""font-weight: 400;"">Ink’d 2 features Supreme Sound™ technology producing attacking, powerful bass; warm, natural vocals; and precision highs.</p>
<p style=""font-weight: 400;""><br><b><strong>Flat Cable</strong></b></p>
<p style=""font-weight: 400;"">The ultra-durable flat cable decreases nasty tangles and provides a unique look.</p>
<p style=""font-weight: 400;""><br><b><strong>1-Button Remote and Mic</strong></b></p>
<p style=""font-weight: 400;"">A single button in-line remote with mic can take/make calls, play/pause music and cycle through tracks.</p>
<p style=""font-weight: 400;""> </p>
<p style=""font-weight: 400;""> </p>
<p style=""font-weight: 400;"">Tilkobling 3.5 mm jack</p>
<p style=""font-weight: 400;"">2 sett med gummipropper:2 størrelser</p>
<p style=""font-weight: 400;"">Kompatibel med Apple og Android enheter</p>",Skullcandy,Accessories,"sound, skullcandy, earphones",true,Title,Default Title,,,,,,1650,shopify,1,continue,manual,249,,true,true,878615035676,https://cdn.shopify.com/s/files/1/2424/9275/products/skullcandy_red.jpg?v=1524510851,1,,false,,,,,,,,,,,,,,,,,kg,,
nokia-105-dual-sim-black,"Nokia 105 Dual Sim, Black (NY)","<meta charset=""utf-8"">
<p>Rimelig Smartphone for første gangs mobilbruker, eller om du ønsker en pålitelig back-up telefon på reise etc. Innebygd FM-Radio og lommelykt.</p>
<p> </p>
<p>Operativ system : Series 30+</p>
<p><br>Skjerm: 1.45’’ / LCD Transmissive, HighColor (16-bit/64k)</p>
<p>Batteri: BL-5CB 800mAh (utbyttbart)</p>
<p>Tale tid:opptil 15 timer</p>
<p>Standby tid: opptil 35 dager </p>
<p> </p>
<p>Nettverk:</p>
<p>Dual band 900/1800MHz,  Dual band 850/1900MHz<span> </span></p>
<p>Mål:</p>
<p>Lenge:  108.5 mm</p>
<p>Bredde : 45.5 mm</p>
<p>Tykkelse: 14.1mm<span> </span></p>
<p>Koblinger: 3.5mm AV connector, micro USB charger</p>
<p><br>SIM – Mini SIM                          </p>",Nokia,Smartphone,"nokia, nokia 105, new phone, new phones",true,Title,Default Title,,,,,,1350,shopify,1,continue,manual,299,,true,true,6438158743120,https://cdn.shopify.com/s/files/1/2424/9275/products/Nokia_105_black.jpg?v=1524510850,1,,false,,,,,,,,,,,,,,,,,kg,,
nokia-3310-3g-dual-sim-charcoal,"Nokia 3310 3G Dual Sim, Charcoal (NY)","<meta charset=""utf-8"">
<table width=""1310"" border=""0"" cellspacing=""0"" cellpadding=""0"">
<tbody>
<tr height=""16"">
<td width=""1310"" height=""16"" class=""xl68""><strong><span face=""Arial"" size=""2"" style=""font-family: Arial; font-size: small;"">Operativsystem</span></strong></td>
</tr>
<tr height=""16"">
<td width=""1310"" height=""16"" class=""xl65""><span face=""Arial"" size=""2"" style=""font-family: Arial; font-size: small;"">Feature OS</span></td>
</tr>
<tr height=""16"">
<td width=""1310"" height=""16"" class=""xl65""><span face=""Arial"" size=""2"" style=""font-family: Arial; font-size: small;""> </span></td>
</tr>
<tr height=""16"">
<td width=""1310"" height=""16"" class=""xl68""><strong><span face=""Arial"" size=""2"" style=""font-family: Arial; font-size: small;"">Nettverk</span></strong></td>
</tr>
<tr height=""16"">
<td width=""1310"" height=""16"" class=""xl65""><span face=""Arial"" size=""2"" style=""font-family: Arial; font-size: small;"">2G/3G</span></td>
</tr>
<tr height=""16"">
<td width=""1310"" height=""16"" class=""xl65""><span face=""Arial"" size=""2"" style=""font-family: Arial; font-size: small;""> </span></td>
</tr>
<tr height=""16"">
<td width=""1310"" height=""16"" class=""xl68""><strong><span face=""Arial"" size=""2"" style=""font-family: Arial; font-size: small;"">Skjerm</span></strong></td>
</tr>
<tr height=""16"">
<td width=""1310"" height=""16"" class=""xl65""><span face=""Arial"" size=""2"" style=""font-family: Arial; font-size: small;"">Størrelse: 2,4 tommer</span></td>
</tr>
<tr height=""16"">
<td width=""1310"" height=""16"" class=""xl65""><span face=""Arial"" size=""2"" style=""font-family: Arial; font-size: small;"">Oppløsning: 240 x 320 piksler</span></td>
</tr>
<tr height=""16"">
<td width=""1310"" height=""16"" class=""xl65""><span face=""Arial"" size=""2"" style=""font-family: Arial; font-size: small;""> </span></td>
</tr>
<tr height=""16"">
<td width=""1310"" height=""16"" class=""xl68""><strong><span face=""Arial"" size=""2"" style=""font-family: Arial; font-size: small;"">Fysiske mål</span></strong></td>
</tr>
<tr height=""16"">
<td width=""1310"" height=""16"" class=""xl65""><span face=""Arial"" size=""2"" style=""font-family: Arial; font-size: small;"">Høyde, Bredde, Dybde: 117 x 52,4 x 13,4 mm</span></td>
</tr>
<tr height=""16"">
<td width=""1310"" height=""16"" class=""xl65""><span face=""Arial"" size=""2"" style=""font-family: Arial; font-size: small;"">Vekt: 88,2 g</span></td>
</tr>
<tr height=""16"">
<td width=""1310"" height=""16"" class=""xl65""><span face=""Arial"" size=""2"" style=""font-family: Arial; font-size: small;""> </span></td>
</tr>
<tr height=""16"">
<td width=""1310"" height=""16"" class=""xl68""><strong><span face=""Arial"" size=""2"" style=""font-family: Arial; font-size: small;"">SIM-korttype</span></strong></td>
</tr>
<tr height=""16"">
<td width=""1310"" height=""16"" class=""xl65""><span face=""Arial"" size=""2"" style=""font-family: Arial; font-size: small;"">Type: Micro</span></td>
</tr>
<tr height=""16"">
<td width=""1310"" height=""16"" class=""xl65""><span face=""Arial"" size=""2"" style=""font-family: Arial; font-size: small;"">Dual SIM: Ja, Dual Stand-By</span></td>
</tr>
<tr height=""16"">
<td width=""1310"" height=""16"" class=""xl65""><span face=""Arial"" size=""2"" style=""font-family: Arial; font-size: small;""> </span></td>
</tr>
<tr height=""16"">
<td width=""1310"" height=""16"" class=""xl68""><strong><span face=""Arial"" size=""2"" style=""font-family: Arial; font-size: small;"">Minne</span></strong></td>
</tr>
<tr height=""16"">
<td width=""1310"" height=""16"" class=""xl65""><span size=""2"" style=""font-size: small;""><span face=""Arial"" style=""font-family: Arial;"">Internminne: 64<span> </span><span class=""font5""><strong>MB</strong></span></span></span></td>
</tr>
<tr height=""16"">
<td width=""1310"" height=""16"" class=""xl65""><span face=""Arial"" size=""2"" style=""font-family: Arial; font-size: small;"">Minnekortplass: MicroSD kort opptil 32GB</span></td>
</tr>
<tr height=""16"">
<td width=""1310"" height=""16"" class=""xl65""><span face=""Arial"" size=""2"" style=""font-family: Arial; font-size: small;""> </span></td>
</tr>
<tr height=""16"">
<td width=""1310"" height=""16"" class=""xl68""><strong><span face=""Arial"" size=""2"" style=""font-family: Arial; font-size: small;"">Batteri</span></strong></td>
</tr>
<tr height=""16"">
<td width=""1310"" height=""16"" class=""xl65""><span face=""Arial"" size=""2"" style=""font-family: Arial; font-size: small;"">Størrelse: 1200 mAh</span></td>
</tr>
<tr height=""16"">
<td width=""1310"" height=""16"" class=""xl65""><span face=""Arial"" size=""2"" style=""font-family: Arial; font-size: small;"">Innebygd: Nei, avtagbart</span></td>
</tr>
<tr height=""16"">
<td height=""16"" class=""xl66""><span face=""Arial"" size=""2"" style=""font-family: Arial; font-size: small;""> </span></td>
</tr>
<tr height=""16"">
<td width=""1310"" height=""16"" class=""xl68""><strong><span face=""Arial"" size=""2"" style=""font-family: Arial; font-size: small;"">Kamera</span></strong></td>
</tr>
<tr height=""16"">
<td width=""1310"" height=""16"" class=""xl65""><span face=""Arial"" size=""2"" style=""font-family: Arial; font-size: small;"">Hovedkamera: 2 MP</span></td>
</tr>
<tr height=""16"">
<td width=""1310"" height=""16"" class=""xl65""><span face=""Arial"" size=""2"" style=""font-family: Arial; font-size: small;"">Frontkamera: Nei</span></td>
</tr>
<tr height=""16"">
<td width=""1310"" height=""16"" class=""xl65""><span face=""Arial"" size=""2"" style=""font-family: Arial; font-size: small;""> </span></td>
</tr>
<tr height=""16"">
<td width=""1310"" height=""16"" class=""xl68""><strong><span face=""Arial"" size=""2"" style=""font-family: Arial; font-size: small;"">Tilkobling</span></strong></td>
</tr>
<tr height=""16"">
<td width=""1310"" height=""16"" class=""xl65""><span face=""Arial"" size=""2"" style=""font-family: Arial; font-size: small;"">Micro USB</span></td>
</tr>
<tr height=""16"">
<td width=""1310"" height=""16"" class=""xl65""><span face=""Arial"" size=""2"" style=""font-family: Arial; font-size: small;"">Bluetooth 2.1</span></td>
</tr>
<tr height=""16"">
<td width=""1310"" height=""16"" class=""xl65""><span face=""Arial"" size=""2"" style=""font-family: Arial; font-size: small;"">3.5 mm Audio Jack</span></td>
</tr>
<tr height=""16"">
<td width=""1310"" height=""16"" class=""xl67""></td>
</tr>
<tr height=""16"">
<td width=""1310"" height=""16"" class=""xl68""><strong><span face=""Arial"" size=""2"" style=""font-family: Arial; font-size: small;"">Diverse</span></strong></td>
</tr>
<tr height=""16"">
<td width=""1310"" height=""16"" class=""xl65""><span face=""Arial"" size=""2"" style=""font-family: Arial; font-size: small;""> </span></td>
</tr>
<tr height=""16"">
<td width=""1310"" height=""16"" class=""xl65""><span face=""Arial"" size=""2"" style=""font-family: Arial; font-size: small;""> </span></td>
</tr>
<tr height=""16"">
<td width=""1310"" height=""16"" class=""xl68""><strong><span face=""Arial"" size=""2"" style=""font-family: Arial; font-size: small;"">Innhold i salgspakke</span></strong></td>
</tr>
<tr height=""16"">
<td width=""1310"" height=""16"" class=""xl65""><span size=""2"" style=""font-size: small;""><span face=""Arial"" style=""font-family: Arial;"">Telefon, Batteri, Reiselader, Headset<span> </span></span></span></td>
</tr>
</tbody>
</table>",Nokia,Smartphone,"nokia, nokia 3310, new phones",true,Title,Default Title,,,,,,1350,shopify,1,continue,manual,790,,true,true,6438409606310,https://cdn.shopify.com/s/files/1/2424/9275/products/nokia_3310_3g_charcoal.jpg?v=1524510849,1,,false,,,,,,,,,,,,,,,,,kg,,
doro-6031-rod-hvit,"Doro 6031, Rød/hvit","<meta charset=""utf-8"">
<table width=""673"" border=""0"" cellspacing=""0"" cellpadding=""0"">
<tbody>
<tr height=""15"">
<td width=""673"" height=""15"" class=""xl66""><strong><span color=""#000000"" style=""color: #000000;"">Nettverk</span></strong></td>
</tr>
<tr height=""15"">
<td width=""673"" height=""15"" class=""xl68""><span color=""#000000"" style=""color: #000000;"">2G</span></td>
</tr>
<tr height=""15"">
<td width=""673"" height=""15"" class=""xl68""><span color=""#000000"" style=""color: #000000;""> </span></td>
</tr>
<tr height=""15"">
<td width=""673"" height=""15"" class=""xl66""><strong><span color=""#000000"" style=""color: #000000;"">Skjerm</span></strong></td>
</tr>
<tr height=""15"">
<td width=""673"" height=""15"" class=""xl68""><span color=""#000000"" style=""color: #000000;"">2,4 tommer<span> </span></span></td>
</tr>
<tr height=""15"">
<td width=""673"" height=""15"" class=""xl68""><span color=""#000000"" style=""color: #000000;"">320 x 240 piksler</span></td>
</tr>
<tr height=""15"">
<td width=""673"" height=""15"" class=""xl68""><span color=""#000000"" style=""color: #000000;""> </span></td>
</tr>
<tr height=""15"">
<td width=""673"" height=""15"" class=""xl66""><strong><span color=""#000000"" style=""color: #000000;"">Fysiske mål</span></strong></td>
</tr>
<tr height=""15"">
<td width=""673"" height=""15"" class=""xl68""><span color=""#000000"" style=""color: #000000;"">Høyde, Bredde, Dybde: 100 x 53 x 18 mm</span></td>
</tr>
<tr height=""15"">
<td width=""673"" height=""15"" class=""xl68""><span color=""#000000"" style=""color: #000000;"">Vekt 94 g</span></td>
</tr>
<tr height=""15"">
<td width=""673"" height=""15"" class=""xl68""><span color=""#000000"" style=""color: #000000;""> </span></td>
</tr>
<tr height=""15"">
<td width=""673"" height=""15"" class=""xl66""><strong><span color=""#000000"" style=""color: #000000;"">SIM-korttype</span></strong></td>
</tr>
<tr height=""15"">
<td width=""673"" height=""15"" class=""xl68""><span color=""#000000"" style=""color: #000000;"">Micro-SIM<span> </span></span></td>
</tr>
<tr height=""15"">
<td width=""673"" height=""15"" class=""xl68""><span color=""#000000"" style=""color: #000000;""> </span></td>
</tr>
<tr height=""15"">
<td width=""673"" height=""15"" class=""xl66""><strong><span color=""#000000"" style=""color: #000000;"">Minne</span></strong></td>
</tr>
<tr height=""15"">
<td width=""673"" height=""15"" class=""xl68""><span color=""#000000"" style=""color: #000000;"">Minnekortplass: MicroSD</span></td>
</tr>
<tr height=""15"">
<td width=""673"" height=""15"" class=""xl68""><span color=""#000000"" style=""color: #000000;""> </span></td>
</tr>
<tr height=""15"">
<td width=""673"" height=""15"" class=""xl66""><strong><span color=""#000000"" style=""color: #000000;"">Batteri</span></strong></td>
</tr>
<tr height=""15"">
<td width=""673"" height=""15"" class=""xl68""><span color=""#000000"" style=""color: #000000;"">800 mAh</span></td>
</tr>
<tr height=""15"">
<td width=""673"" height=""15"" class=""xl68""><span color=""#000000"" style=""color: #000000;"">Standbytid opptil: 530 timer<span>  </span></span></td>
</tr>
<tr height=""15"">
<td width=""673"" height=""15"" class=""xl68""><span color=""#000000"" style=""color: #000000;"">Brukstid opptil: 8 timer</span></td>
</tr>
<tr height=""15"">
<td height=""15"" class=""xl65""><span color=""#000000"" style=""color: #000000;""> </span></td>
</tr>
<tr height=""15"">
<td width=""673"" height=""15"" class=""xl66""><strong><span color=""#000000"" style=""color: #000000;"">Kamera</span></strong></td>
</tr>
<tr height=""15"">
<td width=""673"" height=""15"" class=""xl68""><span color=""#000000"" style=""color: #000000;"">Hovedkamera: 0,3 MP</span></td>
</tr>
<tr height=""15"">
<td width=""673"" height=""15"" class=""xl68""><span color=""#000000"" style=""color: #000000;""> </span></td>
</tr>
<tr height=""15"">
<td width=""673"" height=""15"" class=""xl66""><strong><span color=""#000000"" style=""color: #000000;"">Kommunikasjon</span></strong></td>
</tr>
<tr height=""15"">
<td width=""673"" height=""15"" class=""xl68""><span color=""#000000"" style=""color: #000000;"">Bluetooth 3.0</span></td>
</tr>
<tr height=""15"">
<td width=""673"" height=""15"" class=""xl68""><span color=""#000000"" style=""color: #000000;""> </span></td>
</tr>
<tr height=""15"">
<td width=""673"" height=""15"" class=""xl66""><strong><span color=""#000000"" style=""color: #000000;"">Tilkobling</span></strong></td>
</tr>
<tr height=""15"">
<td width=""673"" height=""15"" class=""xl68""><span color=""#000000"" style=""color: #000000;"">3,5 mm audio jack<span> </span></span></td>
</tr>
<tr height=""15"">
<td width=""673"" height=""15"" class=""xl67""></td>
</tr>
<tr height=""15"">
<td width=""673"" height=""15"" class=""xl66""><strong><span color=""#000000"" style=""color: #000000;"">Diverse</span></strong></td>
</tr>
<tr height=""15"">
<td width=""673"" height=""15"" class=""xl68""><span color=""#000000"" style=""color: #000000;"">Høreapparatkompatibel (HAC), Trygghetsknapp</span></td>
</tr>
<tr height=""15"">
<td width=""673"" height=""15"" class=""xl68""><span color=""#000000"" style=""color: #000000;""> </span></td>
</tr>
<tr height=""15"">
<td width=""673"" height=""15"" class=""xl66""><strong><span color=""#000000"" style=""color: #000000;"">Innhold i salgspakke</span></strong></td>
</tr>
<tr height=""15"">
<td width=""673"" height=""15"" class=""xl68""><span color=""#000000"" style=""color: #000000;"">Telefon, batteri, hodesett, bordlader</span></td>
</tr>
<tr height=""15"">
<td height=""15"" class=""xl65""><span color=""#000000"" style=""color: #000000;""> </span></td>
</tr>
</tbody>
</table>",Doro,Smartphone,"doro, doro 6031, new phones",true,Title,Default Title,,,,,,1350,shopify,1,continue,manual,1290,,true,true,7322460069735,https://cdn.shopify.com/s/files/1/2424/9275/products/doro_6031_red.jpg?v=1524510848,1,,false,,,,,,,,,,,,,,,,,kg,,
copy-of-doro-6031-rod-hvit,"Doro 6031, sort/hvit","<meta charset=""utf-8"">
<table width=""673"" border=""0"" cellspacing=""0"" cellpadding=""0"">
<tbody>
<tr height=""15"">
<td width=""673"" height=""15"" class=""xl66""><strong><span color=""#000000"" style=""color: #000000;"">Nettverk</span></strong></td>
</tr>
<tr height=""15"">
<td width=""673"" height=""15"" class=""xl68""><span color=""#000000"" style=""color: #000000;"">2G</span></td>
</tr>
<tr height=""15"">
<td width=""673"" height=""15"" class=""xl68""><span color=""#000000"" style=""color: #000000;""> </span></td>
</tr>
<tr height=""15"">
<td width=""673"" height=""15"" class=""xl66""><strong><span color=""#000000"" style=""color: #000000;"">Skjerm</span></strong></td>
</tr>
<tr height=""15"">
<td width=""673"" height=""15"" class=""xl68""><span color=""#000000"" style=""color: #000000;"">2,4 tommer<span> </span></span></td>
</tr>
<tr height=""15"">
<td width=""673"" height=""15"" class=""xl68""><span color=""#000000"" style=""color: #000000;"">320 x 240 piksler</span></td>
</tr>
<tr height=""15"">
<td width=""673"" height=""15"" class=""xl68""><span color=""#000000"" style=""color: #000000;""> </span></td>
</tr>
<tr height=""15"">
<td width=""673"" height=""15"" class=""xl66""><strong><span color=""#000000"" style=""color: #000000;"">Fysiske mål</span></strong></td>
</tr>
<tr height=""15"">
<td width=""673"" height=""15"" class=""xl68""><span color=""#000000"" style=""color: #000000;"">Høyde, Bredde, Dybde: 100 x 53 x 18 mm</span></td>
</tr>
<tr height=""15"">
<td width=""673"" height=""15"" class=""xl68""><span color=""#000000"" style=""color: #000000;"">Vekt 94 g</span></td>
</tr>
<tr height=""15"">
<td width=""673"" height=""15"" class=""xl68""><span color=""#000000"" style=""color: #000000;""> </span></td>
</tr>
<tr height=""15"">
<td width=""673"" height=""15"" class=""xl66""><strong><span color=""#000000"" style=""color: #000000;"">SIM-korttype</span></strong></td>
</tr>
<tr height=""15"">
<td width=""673"" height=""15"" class=""xl68""><span color=""#000000"" style=""color: #000000;"">Micro-SIM<span> </span></span></td>
</tr>
<tr height=""15"">
<td width=""673"" height=""15"" class=""xl68""><span color=""#000000"" style=""color: #000000;""> </span></td>
</tr>
<tr height=""15"">
<td width=""673"" height=""15"" class=""xl66""><strong><span color=""#000000"" style=""color: #000000;"">Minne</span></strong></td>
</tr>
<tr height=""15"">
<td width=""673"" height=""15"" class=""xl68""><span color=""#000000"" style=""color: #000000;"">Minnekortplass: MicroSD</span></td>
</tr>
<tr height=""15"">
<td width=""673"" height=""15"" class=""xl68""><span color=""#000000"" style=""color: #000000;""> </span></td>
</tr>
<tr height=""15"">
<td width=""673"" height=""15"" class=""xl66""><strong><span color=""#000000"" style=""color: #000000;"">Batteri</span></strong></td>
</tr>
<tr height=""15"">
<td width=""673"" height=""15"" class=""xl68""><span color=""#000000"" style=""color: #000000;"">800 mAh</span></td>
</tr>
<tr height=""15"">
<td width=""673"" height=""15"" class=""xl68""><span color=""#000000"" style=""color: #000000;"">Standbytid opptil: 530 timer<span>  </span></span></td>
</tr>
<tr height=""15"">
<td width=""673"" height=""15"" class=""xl68""><span color=""#000000"" style=""color: #000000;"">Brukstid opptil: 8 timer</span></td>
</tr>
<tr height=""15"">
<td height=""15"" class=""xl65""><span color=""#000000"" style=""color: #000000;""> </span></td>
</tr>
<tr height=""15"">
<td width=""673"" height=""15"" class=""xl66""><strong><span color=""#000000"" style=""color: #000000;"">Kamera</span></strong></td>
</tr>
<tr height=""15"">
<td width=""673"" height=""15"" class=""xl68""><span color=""#000000"" style=""color: #000000;"">Hovedkamera: 0,3 MP</span></td>
</tr>
<tr height=""15"">
<td width=""673"" height=""15"" class=""xl68""><span color=""#000000"" style=""color: #000000;""> </span></td>
</tr>
<tr height=""15"">
<td width=""673"" height=""15"" class=""xl66""><strong><span color=""#000000"" style=""color: #000000;"">Kommunikasjon</span></strong></td>
</tr>
<tr height=""15"">
<td width=""673"" height=""15"" class=""xl68""><span color=""#000000"" style=""color: #000000;"">Bluetooth 3.0</span></td>
</tr>
<tr height=""15"">
<td width=""673"" height=""15"" class=""xl68""><span color=""#000000"" style=""color: #000000;""> </span></td>
</tr>
<tr height=""15"">
<td width=""673"" height=""15"" class=""xl66""><strong><span color=""#000000"" style=""color: #000000;"">Tilkobling</span></strong></td>
</tr>
<tr height=""15"">
<td width=""673"" height=""15"" class=""xl68""><span color=""#000000"" style=""color: #000000;"">3,5 mm audio jack<span> </span></span></td>
</tr>
<tr height=""15"">
<td width=""673"" height=""15"" class=""xl67""></td>
</tr>
<tr height=""15"">
<td width=""673"" height=""15"" class=""xl66""><strong><span color=""#000000"" style=""color: #000000;"">Diverse</span></strong></td>
</tr>
<tr height=""15"">
<td width=""673"" height=""15"" class=""xl68""><span color=""#000000"" style=""color: #000000;"">Høreapparatkompatibel (HAC), Trygghetsknapp</span></td>
</tr>
<tr height=""15"">
<td width=""673"" height=""15"" class=""xl68""><span color=""#000000"" style=""color: #000000;""> </span></td>
</tr>
<tr height=""15"">
<td width=""673"" height=""15"" class=""xl66""><strong><span color=""#000000"" style=""color: #000000;"">Innhold i salgspakke</span></strong></td>
</tr>
<tr height=""15"">
<td width=""673"" height=""15"" class=""xl68""><span color=""#000000"" style=""color: #000000;"">Telefon, batteri, hodesett, bordlader</span></td>
</tr>
<tr height=""15"">
<td height=""15"" class=""xl65""><span color=""#000000"" style=""color: #000000;""> </span></td>
</tr>
</tbody>
</table>",Doro,Smartphone,"doro, doro 6031, new phones",true,Title,Default Title,,,,,,1450,shopify,1,continue,manual,1290,,true,true,7322460068547,https://cdn.shopify.com/s/files/1/2424/9275/products/doro_6031_graph.jpg?v=1524510847,1,,false,,,,,,,,,,,,,,,,,kg,,
copy-of-doro-6031-rod-hvit,,,,Smartphone,,,,,,,,,,1000,,,,,,,,,,https://cdn.shopify.com/s/files/1/2424/9275/products/doroa_6031_graph_2.jpg?v=1524510847,2,,,,,,,,,,,,,,,,,,,,,
copy-of-doro-6031-sort-hvit,"Doro PhoneEasy 5517 3G, Sort","<meta charset=""utf-8"">
<table width=""673"" border=""0"" cellspacing=""0"" cellpadding=""0"">
<tbody>
<tr height=""15"">
<td width=""673"" height=""15"" class=""xl66""><strong><span color=""#000000"" style=""color: #000000;"">Nettverk</span></strong></td>
</tr>
<tr height=""15"">
<td width=""673"" height=""15"" class=""xl68""><span color=""#000000"" style=""color: #000000;"">2G/3G</span></td>
</tr>
<tr height=""15"">
<td width=""673"" height=""15"" class=""xl68""><span color=""#000000"" style=""color: #000000;""> </span></td>
</tr>
<tr height=""15"">
<td width=""673"" height=""15"" class=""xl66""><strong><span color=""#000000"" style=""color: #000000;"">Skjerm</span></strong></td>
</tr>
<tr height=""15"">
<td width=""673"" height=""15"" class=""xl68""><span color=""#000000"" style=""color: #000000;"">2,4 tommer<span> </span></span></td>
</tr>
<tr height=""15"">
<td width=""673"" height=""15"" class=""xl68""><span color=""#000000"" style=""color: #000000;"">320 x 240 piksler<span> </span></span></td>
</tr>
<tr height=""15"">
<td width=""673"" height=""15"" class=""xl68""><span color=""#000000"" style=""color: #000000;""> </span></td>
</tr>
<tr height=""15"">
<td width=""673"" height=""15"" class=""xl66""><strong><span color=""#000000"" style=""color: #000000;"">Fysiske mål</span></strong></td>
</tr>
<tr height=""15"">
<td width=""673"" height=""15"" class=""xl68""><span color=""#000000"" style=""color: #000000;"">Høyde, Bredde, Dybde: 124 x 48 x 11,5 mm</span></td>
</tr>
<tr height=""15"">
<td width=""673"" height=""15"" class=""xl68""><span color=""#000000"" style=""color: #000000;"">Vekt ?</span></td>
</tr>
<tr height=""15"">
<td width=""673"" height=""15"" class=""xl68""><span color=""#000000"" style=""color: #000000;""> </span></td>
</tr>
<tr height=""15"">
<td width=""673"" height=""15"" class=""xl66""><strong><span color=""#000000"" style=""color: #000000;"">SIM-korttype</span></strong></td>
</tr>
<tr height=""15"">
<td width=""673"" height=""15"" class=""xl68""><span color=""#000000"" style=""color: #000000;"">Micro-SIM<span> </span></span></td>
</tr>
<tr height=""15"">
<td width=""673"" height=""15"" class=""xl68""><span color=""#000000"" style=""color: #000000;""> </span></td>
</tr>
<tr height=""15"">
<td width=""673"" height=""15"" class=""xl66""><strong><span color=""#000000"" style=""color: #000000;"">Minne</span></strong></td>
</tr>
<tr height=""15"">
<td width=""673"" height=""15"" class=""xl68""><span color=""#000000"" style=""color: #000000;"">Minnekortplass: Micro SD (32GB)<span>  </span></span></td>
</tr>
<tr height=""15"">
<td width=""673"" height=""15"" class=""xl68""><span color=""#000000"" style=""color: #000000;""> </span></td>
</tr>
<tr height=""15"">
<td width=""673"" height=""15"" class=""xl66""><strong><span color=""#000000"" style=""color: #000000;"">Batteri</span></strong></td>
</tr>
<tr height=""15"">
<td width=""673"" height=""15"" class=""xl68""><span color=""#000000"" style=""color: #000000;"">800 mAh</span></td>
</tr>
<tr height=""15"">
<td width=""673"" height=""15"" class=""xl68""><span color=""#000000"" style=""color: #000000;"">Standbytid opptil: 500 timer<span>  </span></span></td>
</tr>
<tr height=""15"">
<td width=""673"" height=""15"" class=""xl68""><span color=""#000000"" style=""color: #000000;"">Brukstid opptil: 8 timer<span> </span></span></td>
</tr>
<tr height=""15"">
<td height=""15"" class=""xl65""><span color=""#000000"" style=""color: #000000;""> </span></td>
</tr>
<tr height=""15"">
<td width=""673"" height=""15"" class=""xl66""><strong><span color=""#000000"" style=""color: #000000;"">Kamera</span></strong></td>
</tr>
<tr height=""15"">
<td width=""673"" height=""15"" class=""xl68""><span color=""#000000"" style=""color: #000000;"">Hovedkamera: 2 MP<span> </span></span></td>
</tr>
<tr height=""15"">
<td width=""673"" height=""15"" class=""xl68""><span color=""#000000"" style=""color: #000000;""> </span></td>
</tr>
<tr height=""15"">
<td width=""673"" height=""15"" class=""xl66""><strong><span color=""#000000"" style=""color: #000000;"">Kommunikasjon</span></strong></td>
</tr>
<tr height=""15"">
<td width=""673"" height=""15"" class=""xl68""><span color=""#000000"" style=""color: #000000;"">Bluetooth 2.1</span></td>
</tr>
<tr height=""15"">
<td width=""673"" height=""15"" class=""xl68""><span color=""#000000"" style=""color: #000000;""> </span></td>
</tr>
<tr height=""15"">
<td width=""673"" height=""15"" class=""xl66""><strong><span color=""#000000"" style=""color: #000000;"">Tilkobling</span></strong></td>
</tr>
<tr height=""15"">
<td width=""673"" height=""15"" class=""xl68""><span color=""#000000"" style=""color: #000000;"">MicroUSB</span></td>
</tr>
<tr height=""15"">
<td width=""673"" height=""15"" class=""xl68""><span color=""#000000"" style=""color: #000000;"">3,5 mm audio jack<span> </span></span></td>
</tr>
<tr height=""15"">
<td width=""673"" height=""15"" class=""xl67""></td>
</tr>
<tr height=""15"">
<td width=""673"" height=""15"" class=""xl66""><strong><span color=""#000000"" style=""color: #000000;"">Diverse</span></strong></td>
</tr>
<tr height=""15"">
<td width=""673"" height=""15"" class=""xl68""><span color=""#000000"" style=""color: #000000;"">HAC (høreapparatkompatibel), trygghetsknapp, ekstra høy og klar sound</span></td>
</tr>
<tr height=""15"">
<td width=""673"" height=""15"" class=""xl68""><span color=""#000000"" style=""color: #000000;""> </span></td>
</tr>
<tr height=""15"">
<td width=""673"" height=""15"" class=""xl66""><strong><span color=""#000000"" style=""color: #000000;"">Innhold i salgspakke</span></strong></td>
</tr>
<tr height=""15"">
<td width=""673"" height=""15"" class=""xl68""><span color=""#000000"" style=""color: #000000;"">Telefon, batteri, hodesett, bordlader<span> </span></span></td>
</tr>
<tr height=""15"">
<td height=""15"" class=""xl65""><span color=""#000000"" style=""color: #000000;""> </span></td>
</tr>
</tbody>
</table>",Doro,Smartphone,"doro, doro 5517, new phones",true,Title,Default Title,,,,,,1200,shopify,0,continue,manual,790,,true,true,7322460071950,https://cdn.shopify.com/s/files/1/2424/9275/products/doro_5517.jpg?v=1524510846,1,,false,,,,,,,,,,,,,,,,,kg,,
apple-iphone-6-64gb-silver-refurb,Apple iPhone 6 64gb silver (refurb),<p>Apple iPhone 6 64gb silver <br><br></p>,Apple,Smartphone,"grade a+, iphone, iphone 6",true,Title,Default Title,,,,,,1000,shopify,40,deny,manual,3590,,true,true,,,,,false,,,,,,,,,,,,,,,,,kg,,
copy-of-apple-iphone-6-64gb-silver-refurb,Apple iPhone 6 64gb Space grey (refurb),"<p>Apple iPhone 6 64gb space grey</p>
<p> <br><br></p>",Apple,Smartphone,"grade a+, iphone",true,Title,Default Title,,,,,,999,shopify,37,deny,manual,3590,,true,true,,https://cdn.shopify.com/s/files/1/2424/9275/products/apple-iphone-6-64gb.jpg?v=1524510845,1,,false,,,,,,,,,,,,,,,,,kg,,
cl-ergo-pen-stylus-svart,"CL Ergo Pen Stylus, Svart","<meta charset=""utf-8"">
<div class=""container section-content"">
<div class=""row"">
<div class=""product-description"">
<p>ERGO PEN Touch screen stylus </p>
<p><b>Why ERGO PEN?<span> </span></b>The triangular shape ensure a better grasp and the ultra sensitve tip doesn’t mark the screen and offer high precision performances.</p>
<p> <b></b></p>
<p><b></b> </p>
<p><b>Compatibility</b>: Universal for tablets and smartphones</p>
<p> </p>
<p> </p>
<p> </p>
<p><strong>Features:</strong></p>
<p>Doesn’t mark the screen<em></em></p>
<p><i></i>Ergonomic grip</p>
<p> </p>
</div>
</div>
</div>
<div id=""section_1"" class=""container-fluid section-header"">
<div class=""container""></div>
</div>",Cellularline,Accessories,"other, cellularline, pen",true,Title,Default Title,,,,,,888,shopify,-1,continue,manual,89,,true,true,8018080238390,https://cdn.shopify.com/s/files/1/2424/9275/products/CL_Ergo_Pen_Stylus_Svart_2.jpg?v=1524510844,1,,false,,,,,,,,,,,,,,,,,kg,,
copy-of-cl-ergo-pen-stylus-svart,CL car holder Pilot Force,"<meta charset=""utf-8"">
<div class=""container section-content"">
<div class=""row"">
<div class=""product-description"">
<p style=""font-weight: 400;"">Pilot Force is the next-gen magnetic in-car holder made with exclusive Mag4 magnetic technology which makes it safe, strong, simple and secure. Thanks to its supergrip suction cup, it can be attached with ease to the windscreen or dashboard, guaranteeing full integration between the holder and the car. The adhesive metal plate is available in two different sizes and can be positioned on the back of the phone, inside the case or in the battery compartment.</p>
<p style=""font-weight: 400;""> </p>
<p style=""font-weight: 400;"">Pilot Force is a safe in-car holder as it guarantees absolutely no interference with your phone: thanks to its four opposing poles, the magnet concentrates its force on the adhesive metal plate, without going through it.</p>
<p style=""font-weight: 400;""> </p>
<p style=""font-weight: 400;""> </p>
<p style=""font-weight: 400;"">Easy, fast installation, featuring safe, effective shield technology</p>
<p style=""font-weight: 400;"">MAG4 magnetic technology: safe, strong, simple and secure</p>
<p style=""font-weight: 400;"">Metal plate that can be placed on your phone or on the back of your case</p>
<p style=""font-weight: 400;"">Patented suction cup for attaching to all dashboards or windscreens</p>
</div>
</div>
</div>
<div id=""section_1"" class=""container-fluid section-header"">
<div class=""container""></div>
</div>",Cellularline,Accessories,"other, car holder, cellularline",true,Title,Default Title,,,,,,789,shopify,1,continue,manual,290,,true,true,8018080280306,https://cdn.shopify.com/s/files/1/2424/9275/products/CL_car holder_Pilot_Force.jpg?v=1524510842,1,,false,,,,,,,,,,,,,,,,,kg,,
copy-of-cl-ergo-pen-stylus-svart,,,,Smartphone,,,,,,,,,,987,,,,,,,,,,https://cdn.shopify.com/s/files/1/2424/9275/products/CL_car holder_Pilot_Force_2.jpg?v=1524510842,2,,,,,,,,,,,,,,,,,,,,,
iiglo-ultimate-powerbank-20000mah,iiglo Ultimate Powerbank 20000mAh,"<meta charset=""utf-8"">
<div class=""col-xs-12"">
<h3>iiglo Ultimate Powerbank</h3>
</div>
<div class=""col-xs-12"">
<p>Ultimate powerbank er den sterkeste powerbanken til iiglo, og med et kraftig batteri på 20000 mAh kan den lade to enheter samtidig. Den er utstyrt med Qualcomm 3.0 som gir en raskere og mer effektiv lading av dine enheter. Med andre ord er dette den ultimate reisepartneren. Den kan lade et Tablet flere ganger, og et must for små og store ekspedisjoner. Alle USB-enheter kan lades med denne strømkilden.</p>
<p>Powerbanken har et gummiert belegg som gir et solid grep og kan trygt legges på hyller og bord. Den har et skyvbart lokk hvor du enten kan bruke USB-utgangene til lading av enheter, eller mikro-USB inngang til lading av powerbanken. Dette lokket beskytter derfor mot støv og vann. Batteriindikatoren viser resterende batterikapasitet, men trolig vil du sjelden trenge å følge med på denne, da denne ultimate powerbanken rommer nok strøm for de fleste behov. Når powerbanken likevel trenger litt påfyll, lader du den enkelt opp med en mikro-USB-kabel som er inkludert i pakningen.</p>
</div>",Iiglo,Accessories,powerbank,true,Title,Default Title,,,,,,879,shopify,1,deny,manual,690,,true,true,7070205122190,https://cdn.shopify.com/s/files/1/2424/9275/products/powerbank-til-mobiletelefon.jpg?v=1524510840,1,,false,,,,,,,,,,,,,,,,,kg,,
copy-of-iiglo-ultimate-powerbank-20000mah,iiglo Tablet Powerbank 12000mAh Hvit,"<meta charset=""utf-8"">
<h3 class=""col-xs-12"">iiglo Powerbank 12000mAh</h3>
<p class=""ingress col-xs-12"">iiglo Powerbank er en større nødlader og kan tas med overalt, din feriepartner. En god redning for den som går tom for strøm på smarttelefonen eller andre enheter. Den kommer i enten hvit eller svart med et gummiert belegg, slik at den er meget god å holde i. iiglo Powerbank har et beskyttende skyvbart lokk som gjør den vannavvisende og støvsikker, og som fungerer som på/av knapp for enheten. Praktisk Led-indikator viser deg hvor mye strøm du har igjen. Denne powerbanken kommer med et 12000mAh Samsung li-ion batteri. Den klarer å lade din smarttelefon opptil 6 ganger eller ditt Tablet 2 ganger (iPad Air 1+gang)</p>
<ul class=""col-xs-12"">
<li>Batteritype: Samsung Li-ion batteri 12000mAh</li>
<li>Inngang: 5V, 1A via en Micro USB port</li>
<li>Utgang: 5V, 2.1A og 1A via USB port (totalt 3.1A)</li>
<li>Antall USB utganger : 2</li>
<li>Mål: 10,0*7,3*2,3cm</li>
<li>Micro-USB kabel medfølger</li>
<li>Led-indikator</li>
</ul>",Iiglo,Accessories,powerbank,true,Title,Default Title,,,,,,897,shopify,0,deny,manual,390,,true,true,7070205120103,https://cdn.shopify.com/s/files/1/2424/9275/products/powerbank-hvit-mobiletelefon.jpg?v=1524510839,1,,false,,,,,,,,,,,,,,,,,kg,,
apple-ipad-air-16gb-4g-space-grey-grade-b,Apple iPad Air 16gb 4G Space grey Grade B,Apple iPad Air 16gb med 4g <br>farge Space grey,Apple,Tablet,"ipad, Tablet",true,Title,Default Title,,,,,,945,shopify,0,deny,manual,2690,,true,true,,https://cdn.shopify.com/s/files/1/2424/9275/products/apple-ipad-2-air-16gb-wifi.png?v=1524510838,1,,false,,,,,,,,,,,,,,,,,kg,,
apple-iphone-7-pluss-space-grey-128gb-b-grade,Apple iPhone 7 Pluss Space grey 128GB B-Grade,"<p>Apple iPhone 7 Pluss Space grey 128GB B-Grade</p>
<p>3mnd garanti </p>
<p>Spesifikasjoner:<br><b>Vekt</b>: 188g<br><strong>Dimensjon</strong>: 158.2 x 77.9 x 7.3mm<br><strong>Skjerm Størrelse</strong>: 5.5-inch<br><strong>Oppløsning</strong>: 1080 x 1920<br><strong>CPU</strong>: Apple A10 Fusion<br><strong>RAM</strong>: 3GB<br><strong>Batteri</strong>: 2,900mAh<br><strong>Kamera</strong>: 12MP<br><strong>Front Kamera</strong>: 7MP</p>",Apple,Smartphone,"128gb, b grade, iPhone 7 Plus, space grey",true,Title,Default Title,,,,,,1250,,0,deny,manual,5790,,true,true,,https://cdn.shopify.com/s/files/1/2424/9275/products/iphone_7plus_space_grey.png?v=1524510837,1,,false,,,,,,,,,,,,,,,,,kg,,
apple-iphone-7-plus-gold-128gb-b-grade,Apple iPhone 7 Plus Gold 128GB B-Grade,"Apple iPhone 7 Plus Gold 128GB B-Grade<br><br>3mnd garanti <br><br>Spesifikasjoner:<br>Vekt: 188g<br>Dimensjon: 158.2 x 77.9 x 7.3mm<br>Skjerm Størrelse: 5.5-inch<br>Oppløsning: 1080 x 1920<br>CPU: Apple A10 Fusion<br>RAM: 3GB<br>Batteri: 2,900mAh<br>Kamera: 12MP<br>Front Kamera: 7MP",Apple,Smartphone,"128gb, B-Grade, Gold",true,Title,Default Title,,,,,,1236,,1,deny,manual,5790,,true,true,,https://cdn.shopify.com/s/files/1/2424/9275/products/7plus_gold.png?v=1524510836,1,,false,,,,,,,,,,,,,,,,,kg,,
apple-iphone-6-silver-16gb-b-grade,Apple iPhone 6 Silver 16GB B-Grade,"<p><span>Apple iPhone 6 Silver 16GB B-Grade</span></p>
<p><span>3mnd garanti</span></p>
<p><span>Spesifikasjoner:</span><br><b>Vekt</b><span>: 129g</span><br><strong>Dimensjon</strong><span>: 138.1 x 67 x 6.9 mm</span><br><strong>Skjerm Størrelse</strong><span>: 4,7-inch</span><span><br></span><b>OS: </b><span>iOS 8, upgradable to iOS 11.2.5</span><br><strong>CPU</strong><span>: Apple A8, Dual-core 1.4 GHz Typhoon (ARM v8-based) </span><br><strong>RAM</strong><span>: 1GB</span><br><strong>Batteri</strong><span>: 1810mAh</span><br><strong>Kamera</strong><span>: 8MP</span><br><strong>Front Kamera</strong><span>: 1,2MP</span></p>",Apple,Smartphone,"16GB, B-Grade, iphone 6, Silver",true,Title,Default Title,,,,,,1324,,-2,deny,manual,2690,,true,true,,https://cdn.shopify.com/s/files/1/2424/9275/products/iPhone-6-silver_png.png?v=1524510835,1,,false,,,,,,,,,,,,,,,,,kg,,
apple-iphone-6-silver-64gb-c-grade,Apple iPhone 6 Silver 64GB C-Grade,"<p>Apple iPhone 6 Silver 64GB C-Grade</p>
<p>3mnd garanti</p>
<p><span>Spesifikasjoner:</span><br><b>Vekt</b><span>: 129g</span><br><strong>Dimensjon</strong><span>: 138.1 x 67 x 6.9 mm</span><br><strong>Skjerm Størrelse</strong><span>: 4,7-inch</span><span><br></span><b>OS: </b><span>iOS 8, upgradable to iOS 11.2.5</span><br><strong>CPU</strong><span>: Apple A8, Dual-core 1.4 GHz Typhoon (ARM v8-based) </span><br><strong>RAM</strong><span>: 1GB</span><br><strong>Batteri</strong><span>: 1810mAh</span><br><strong>Kamera</strong><span>: 8MP</span><br><strong>Front Kamera</strong><span>: 1,2MP</span></p>",Apple,Smartphone,,true,Title,Default Title,,,,,,1542,,1,deny,manual,2790,,true,true,,https://cdn.shopify.com/s/files/1/2424/9275/products/iPhone-6-silver_png_58df5845-028e-4f38-bf3c-b286392839b9.png?v=1524510833,1,,false,,,,,,,,,,,,,,,,,kg,,
puro-wallet-detachable-2i1-for-iphone-8pluss-6-pluss-6s-pluss-iphone-7-pluss,"Puro Wallet Detachable 2i1 for iPhone 8Pluss (6 Pluss,6s Pluss , iPhone 7 Pluss )","<p>Eco-Leather</p>
<p>Magnetisk lid.</p>
<p> </p>
<p>Organizer-etui med avtagbart lid, utstyrt med 2 kortlommer og pengelomme</p>",BuiltOn Store,Smartphone,,true,Title,Default Title,,,,,8033830173295,1000,shopify,0,deny,manual,232,,true,true,8033830173295,https://cdn.shopify.com/s/files/1/2424/9275/products/Puro_wallet_2i1_iphone_8pluss.Jpeg?v=1516794125,1,,false,,,,,,,,,,,,,,,,,kg,,
